concat,invoice_number,sku,order_number,bol,shortage,damage,return,overage,net_shortage,customer_sign,carrier_sign,subject_to_count,pod_found
9111026403220531,9111026403,220531,PR3129159,6026667939,0,0,0,0,0,Yes,Yes,No,Yes
9110909529220220,9110909529,220220,PR3105046,6026498769,0,0,0,0,0,Yes,Yes,No,Yes
9110679071324911,9110679071,324911,8115869067,6026059950,0,0,0,0,0,Yes,Yes,No,Yes
9110679071320119,9110679071,320119,8115869067,6026059950,0,0,0,0,0,Yes,Yes,No,Yes
9110703566326895,9110703566,326895,8113759032,6026161105,0,0,0,0,0,Yes,Yes,No,Yes
9110703566324912,9110703566,324912,8113759032,6026161105,0,0,0,0,0,Yes,Yes,No,Yes
9110703566324911,9110703566,324911,8113759032,6026161105,0,0,0,0,0,Yes,Yes,No,Yes
9110703566328418,9110703566,328418,8113759032,6026161105,0,0,0,0,0,Yes,Yes,No,Yes
9110703566328440,9110703566,328440,8113759032,6026161105,0,0,0,0,0,Yes,Yes,No,Yes
9110703566328438,9110703566,328438,8113759032,6026161105,0,0,0,0,0,Yes,Yes,No,Yes
9110703566328468,9110703566,328468,8113759032,6026161105,0,0,0,0,0,Yes,Yes,No,Yes
9110703566328203,9110703566,328203,8113759032,6026161105,0,0,0,0,0,Yes,Yes,No,Yes
9110703566320109,9110703566,320109,8113759032,6026161105,0,0,0,0,0,Yes,Yes,No,Yes
9110703566329515,9110703566,329515,8113759032,6026161105,0,0,0,0,0,Yes,Yes,No,Yes
9110703566328411,9110703566,328411,8113759032,6026161105,0,0,0,0,0,Yes,Yes,No,Yes
9110703566328466,9110703566,328466,8113759032,6026161105,0,0,0,0,0,Yes,Yes,No,Yes
9110703566328431,9110703566,328431,8113759032,6026161105,0,0,0,0,0,Yes,Yes,No,Yes
9110703566320122,9110703566,320122,8113759032,6026161105,0,0,0,0,0,Yes,Yes,No,Yes
9110703566320119,9110703566,320119,8113759032,6026161105,0,0,0,0,0,Yes,Yes,No,Yes
9110703566320749,9110703566,320749,8113759032,6026161105,0,0,0,0,0,Yes,Yes,No,Yes
9110703566320550,9110703566,320550,8113759032,6026161105,0,0,0,0,0,Yes,Yes,No,Yes
911080949930382902213537,9110809499,3.03829E+13,PR3086881,6024862288,0,0,0,0,0,Yes,Yes,No,Yes
911091426550382903065467,9110914265,5.03829E+13,8183855195,6026482969,0,0,0,0,0,Yes,Yes,No,Yes
911077074950382903201223,9110770749,5.03829E+13,8149879262,6026268136,0,0,0,0,0,Yes,Yes,No,Yes
911123656750382903201223,9111236567,5.03829E+13,8149889170,6027164128,0,0,0,0,0,Yes,Yes,No,Yes
9111172826382902140108,9111172826,3.82902E+11,PR3171718,6025817873,0,0,0,0,0,Yes,Yes,No,Yes
911120140210801741047760,9111201402,1.08017E+13,1011311269,6027089465,0,0,0,0,0,No,No,No,Yes
911111168738053326009380,9111111687,3.80533E+13,PR3129159,6026950617,0,0,0,0,0,Yes,No,No,Yes
9110883808326895,9110883808,326895,8130779562,6026409922,0,0,0,0,0,Yes,Yes,No,Yes
9110883808328418,9110883808,328418,8130779562,6026409922,0,0,0,0,0,Yes,Yes,No,Yes
9110883808328440,9110883808,328440,8130779562,6026409922,0,0,0,0,0,Yes,Yes,No,Yes
9110883808328468,9110883808,328468,8130779562,6026409922,0,0,0,0,0,Yes,Yes,No,Yes
9110883808320109,9110883808,320109,8130779562,6026409922,0,0,0,0,0,Yes,Yes,No,Yes
9110883808328411,9110883808,328411,8130779562,6026409922,0,0,0,0,0,Yes,Yes,No,Yes
9110883808328466,9110883808,328466,8130779562,6026409922,0,0,0,0,0,Yes,Yes,No,Yes
9110883808320122,9110883808,320122,8130779562,6026409922,0,0,0,0,0,Yes,Yes,No,Yes
9110883808320119,9110883808,320119,8130779562,6026409922,0,0,0,0,0,Yes,Yes,No,Yes
9110883808320749,9110883808,320749,8130779562,6026409922,0,0,0,0,0,Yes,Yes,No,Yes
9110883808320550,9110883808,320550,8130779562,6026409922,0,0,0,0,0,Yes,Yes,No,Yes
9110881402305106,9110881402,305106,PR3089956,6026468035,0,0,0,0,0,Yes,Yes,No,Yes
9110881402367281,9110881402,367281,PR3089957,6026468035,0,0,0,0,0,Yes,Yes,No,Yes
9110887470306546,9110887470,306546,55826280,6026464460,0,0,0,0,0,Yes,Yes,No,Yes
9110703938326895,9110703938,326895,8155954851,6026038597,0,0,0,0,0,Yes,Yes,No,Yes
9110703938324912,9110703938,324912,8155954851,6026038597,0,0,0,0,0,Yes,Yes,No,Yes
9110703938324910,9110703938,324910,8155954851,6026038597,0,0,0,0,0,Yes,Yes,No,Yes
9110703938328418,9110703938,328418,8155954851,6026038597,0,0,0,0,0,Yes,Yes,No,Yes
9110703938328440,9110703938,328440,8155954851,6026038597,0,0,0,0,0,Yes,Yes,No,Yes
9110703938328438,9110703938,328438,8155954851,6026038597,0,0,0,0,0,Yes,Yes,No,Yes
9110703938328468,9110703938,328468,8155954851,6026038597,0,0,0,0,0,Yes,Yes,No,Yes
9110703938328203,9110703938,328203,8155954851,6026038597,0,0,0,0,0,Yes,Yes,No,Yes
9110703938320109,9110703938,320109,8155954851,6026038597,0,0,0,0,0,Yes,Yes,No,Yes
9110703938329515,9110703938,329515,8155954851,6026038597,0,0,0,0,0,Yes,Yes,No,Yes
9110703938328411,9110703938,328411,8155954851,6026038597,0,0,0,0,0,Yes,Yes,No,Yes
9110703938328466,9110703938,328466,8155954851,6026038597,0,0,0,0,0,Yes,Yes,No,Yes
9110703938328431,9110703938,328431,8155954851,6026038597,0,0,0,0,0,Yes,Yes,No,Yes
9110703938320122,9110703938,320122,8155954851,6026038597,0,0,0,0,0,Yes,Yes,No,Yes
9110703938320119,9110703938,320119,8155954851,6026038597,0,0,0,0,0,Yes,Yes,No,Yes
9110703938323001,9110703938,323001,8155954851,6026038597,0,0,0,0,0,Yes,Yes,No,Yes
9110703938328278,9110703938,328278,8155954851,6026038597,0,0,0,0,0,Yes,Yes,No,Yes
9110703938328279,9110703938,328279,8155954851,6026038597,0,0,0,0,0,Yes,Yes,No,Yes
9110703938328280,9110703938,328280,8155954851,6026038597,0,0,0,0,0,Yes,Yes,No,Yes
9110703938328289,9110703938,328289,8155954851,6026038597,0,0,0,0,0,Yes,Yes,No,Yes
9110703938328290,9110703938,328290,8155954851,6026038597,0,0,0,0,0,Yes,Yes,No,Yes
9110703938328291,9110703938,328291,8155954851,6026038597,0,0,0,0,0,Yes,Yes,No,Yes
9110703938324908,9110703938,324908,8155954851,6026038597,0,0,0,0,0,Yes,Yes,No,Yes
9110703938320881,9110703938,320881,8155954851,6026038597,0,0,0,0,0,Yes,Yes,No,Yes
9110703938320882,9110703938,320882,8155954851,6026038597,0,0,0,0,0,Yes,Yes,No,Yes
9110703938320883,9110703938,320883,8155954851,6026038597,0,0,0,0,0,Yes,Yes,No,Yes
9110703938320749,9110703938,320749,8155954851,6026038597,0,0,0,0,0,Yes,Yes,No,Yes
9110703938320550,9110703938,320550,8155954851,6026038597,0,0,0,0,0,Yes,Yes,No,Yes
9110503853306546,9110503853,306546,8120601465,6025748889,0,0,0,0,0,Yes,Yes,No,Yes
9110503853306553,9110503853,306553,8120601465,6025748889,0,0,0,0,0,Yes,Yes,No,Yes
9110503853306546,9110503853,306546,8120601465,6025748889,0,0,0,0,0,Yes,Yes,No,Yes
9110503853305937,9110503853,305937,8120601465,6025748889,0,0,0,0,0,Yes,Yes,No,Yes
9110503853302830,9110503853,302830,8120601465,6025748889,0,0,0,0,0,Yes,Yes,No,Yes
9110503853308341,9110503853,308341,8120601465,6025748889,0,0,0,0,0,Yes,Yes,No,Yes
9110503853305219,9110503853,305219,8120601465,6025748889,0,0,0,0,0,Yes,Yes,No,Yes
9111298497326895,9111298497,326895,8155954851,6027291052,0,0,0,0,0,Yes,Yes,No,Yes
9111298497324912,9111298497,324912,8155954851,6027291052,0,0,0,0,0,Yes,Yes,No,Yes
9111298497324909,9111298497,324909,8155954851,6027291052,0,0,0,0,0,Yes,Yes,No,Yes
9111298497324910,9111298497,324910,8155954851,6027291052,0,0,0,0,0,Yes,Yes,No,Yes
9111298497328418,9111298497,328418,8155954851,6027291052,0,0,0,0,0,Yes,Yes,No,Yes
9111298497328440,9111298497,328440,8155954851,6027291052,0,0,0,0,0,Yes,Yes,No,Yes
9111298497328438,9111298497,328438,8155954851,6027291052,0,0,0,0,0,Yes,Yes,No,Yes
9111298497328468,9111298497,328468,8155954851,6027291052,0,0,0,0,0,Yes,Yes,No,Yes
9111298497328203,9111298497,328203,8155954851,6027291052,0,0,0,0,0,Yes,Yes,No,Yes
9111298497320109,9111298497,320109,8155954851,6027291052,0,0,0,0,0,Yes,Yes,No,Yes
9111298497329515,9111298497,329515,8155954851,6027291052,0,0,0,0,0,Yes,Yes,No,Yes
9111298497328411,9111298497,328411,8155954851,6027291052,0,0,0,0,0,Yes,Yes,No,Yes
9111298497328466,9111298497,328466,8155954851,6027291052,0,0,0,0,0,Yes,Yes,No,Yes
9111298497328431,9111298497,328431,8155954851,6027291052,0,0,0,0,0,Yes,Yes,No,Yes
9111298497320122,9111298497,320122,8155954851,6027291052,0,0,0,0,0,Yes,Yes,No,Yes
9111298497320119,9111298497,320119,8155954851,6027291052,0,0,0,0,0,Yes,Yes,No,Yes
9111298497320574,9111298497,320574,8155954851,6027291052,0,0,0,0,0,Yes,Yes,No,Yes
9111298497328278,9111298497,328278,8155954851,6027291052,0,0,0,0,0,Yes,Yes,No,Yes
9111298497328280,9111298497,328280,8155954851,6027291052,0,0,0,0,0,Yes,Yes,No,Yes
9111298497328289,9111298497,328289,8155954851,6027291052,0,0,0,0,0,Yes,Yes,No,Yes
9111298497324907,9111298497,324907,8155954851,6027291052,0,0,0,0,0,Yes,Yes,No,Yes
9111298497324906,9111298497,324906,8155954851,6027291052,0,0,0,0,0,Yes,Yes,No,Yes
9111298497320881,9111298497,320881,8155954851,6027291052,0,0,0,0,0,Yes,Yes,No,Yes
9111298497320882,9111298497,320882,8155954851,6027291052,0,0,0,0,0,Yes,Yes,No,Yes
9111298497320749,9111298497,320749,8155954851,6027291052,0,0,0,0,0,Yes,Yes,No,Yes
9111298497320550,9111298497,320550,8155954851,6027291052,0,0,0,0,0,Yes,Yes,No,Yes
911080949930382902213537,9110809499,3.03829E+13,PR3086881,6024862288,0,0,0,0,0,Yes,Yes,No,Yes
911091426550382903065467,9110914265,5.03829E+13,8183855195,6026482969,0,0,0,0,0,Yes,Yes,No,Yes
911077074950382903201223,9110770749,5.03829E+13,8149879262,6026268136,0,0,0,0,0,Yes,Yes,No,Yes
911123656750382903201223,9111236567,5.03829E+13,8149889170,6027164128,0,0,0,0,0,Yes,Yes,No,Yes
9111172826382902140108,9111172826,3.82902E+11,PR3171718,6025817873,0,0,0,0,0,Yes,Yes,No,Yes
911111168738053326009380,9111111687,3.80533E+13,PR3129159,6026950617,0,0,0,0,0,Yes,No,No,Yes
9111160991256040,9111160991,256040,PR3164259,6027007856,0,0,0,0,0,Yes,Yes,No,Yes
9110809243320109,9110809243,320109,2278841163,6026345770,0,0,0,0,0,Yes,Yes,No,Yes
9110851772220531,9110851772,220531,PR3075099,6026382480,0,0,0,0,0,Yes,Yes,No,Yes
9111160990442020,9111160990,442020,PR3164287,6027007855,0,0,0,0,0,No,Yes,No,Yes
9110006336256040,9110006336,256040,PR2870413,7114785805,0,0,0,0,0,Yes,Yes,No,Yes
9111014984362761,9111014984,362761,PR3134313,7115350134,0,0,0,0,0,Yes,Yes,No,Yes
9111117470221780,9111117470,221780,PR3149392,7115401697,0,0,0,0,0,Yes,Yes,No,Yes
9111372483221283,9111372483,221283,PR3215868,7115538128,0,0,0,0,0,Yes,Yes,No,Yes
9111135793MV0528,9111135793,MV0528,220125812,6026978226,0,0,0,0,0,Yes,Yes,No,Yes
9111035646320749,9111035646,320749,28337641,6026777122,0,0,0,0,0,Yes,Yes,No,Yes
9111035646320550,9111035646,320550,28337641,6026777122,0,0,0,0,0,Yes,Yes,No,Yes
9111106570MV0528 ,9111106570,MV0528 ,220125249,6026929422,0,0,0,0,0,No,No,No,Yes
9110703805329515,9110703805,329515,10827561,6026114423,0,0,0,0,0,Yes,Yes,No,Yes
9110655761306546,9110655761,306546,41702896,6026053803,0,0,0,0,0,Yes,Yes,No,Yes
9111116862306547,9111116862,306547,37373166,6026870191,0,0,0,0,0,Yes,Yes,No,Yes
9110940504305487,9110940504,305487,27381886,6026564664,0,0,0,0,0,Yes,Yes,No,Yes
9111401125320550,9111401125,320550,291012609,6027517898,0,0,0,0,0,Yes,Yes,No,Yes
9111401125320119,9111401125,320119,291012609,6027517898,0,0,0,0,0,Yes,Yes,No,Yes
9111401125320109,9111401125,320109,291012609,6027517898,0,0,0,0,0,Yes,Yes,No,Yes
9111401125328235,9111401125,328235,291012609,6027517898,0,0,0,0,0,Yes,Yes,No,Yes
9110677622320119,9110677622,320119,12362864,6026037668,0,0,0,0,0,Yes,Yes,No,Yes
9111723040320122,9111723040,320122,8183875126,6028003088,0,0,0,0,0,Yes,Yes,No,Yes
9111576496328418,9111576496,328418,8155962183,6027695981,0,0,0,0,0,Yes,Yes,No,Yes
9112005397256082,9112005397,256082,33241630,6028630005,0,0,0,0,0,Yes,Yes,No,Yes
9112150911305054,9112150911,305054,33436732,Multiple,0,0,0,0,0,Yes,No,No,Yes
9112150911306610,9112150911,306610,33436732,Multiple,0,0,0,0,0,Yes,No,No,Yes
9112150911306615,9112150911,306615,33436732,Multiple,0,0,0,0,0,Yes,No,No,Yes
9112150911306617,9112150911,306617,33436732,Multiple,0,0,0,0,0,Yes,No,No,Yes
9112150911306618,9112150911,306618,33436732,Multiple,0,0,0,0,0,Yes,No,No,Yes
9112156325305195,9112156325,305195,33443520,6028915790,0,0,0,0,0,Yes,Yes,No,Yes
9112156325367283,9112156325,367283,33443520,6028915790,0,0,0,0,0,Yes,Yes,No,Yes
9112156325367856,9112156325,367856,33443520,6028915790,0,0,0,0,0,Yes,Yes,No,Yes
9112156325381423,9112156325,381423,33443520,6028915790,0,0,0,0,0,Yes,Yes,No,Yes
9112156325381512,9112156325,381512,33443520,6028915790,0,0,0,0,0,Yes,Yes,No,Yes
9111669927302832,9111669927,302832,8149898242,6028042142,0,0,0,0,0,NO,NO,NO,Yes
9111550936515060,9111550936,515060,8113777369,Multiple,0,0,0,0,0,Yes,Yes,No,Yes
9111761743306414,9111761743,306414,8160825349,Multiple,0,0,0,0,0,Yes,Yes,No,Yes
9111603562515003,9111603562,515003,8110797098,6027742086,0,0,0,0,0,Yes,Yes,No,Yes
9111648970515003,9111648970,515003,8165981732,6027954187,0,0,0,0,0,Yes,Yes,No,Yes
9111215977328411,9111215977,328411,121005545,6027123183,0,0,0,0,0,No,Yes,No,Yes
9111424111320119,9111424111,320119,291012609,6027556004,0,0,0,0,0,Yes,Yes,No,Yes
9111315350382612,9111315350,382612,22107446,6027291244,0,0,0,0,0,Yes,Yes,No,Yes
9111315345382612,9111315345,382612,22001068,6027115265,0,0,0,0,0,Yes,Yes,No,Yes
9111023922306546,9111023922,306546,10838038,6026722094,0,0,0,0,0,Yes,Yes,Yes,Yes
9111075990320119,9111075990,320119,12379271,6026692680,0,0,0,0,0,Yes,Yes,No,Yes
9111155282320550,9111155282,320550,281001986,6026982644,0,0,0,0,0,No,Yes,No,Yes
9112008151256038,9112008151,256038,33278584,6028663915,0,0,0,0,0,No,No,No,Yes
9112037565256045,9112037565,256045,33307869,6028664886,0,0,0,0,0,No,No,No,Yes
9111195763306546,9111195763,306546,8155951368,6027028873,0,0,0,0,0,Yes,Yes,No,Yes
9100599621306575,9100599621,306575,12062,6026338271,0,0,0,0,0,Yes,No,No,Yes
9100591429326910,9100591429,326910,41671,6026015954,0,0,0,0,0,Yes,No,No,Yes
9110251359323487,9110251359,323487,8164870895,6025077375,0,0,0,0,0,No,Yes,No,Yes
9110251359328431,9110251359,328431,8164870895,6025077375,0,0,0,0,0,No,Yes,No,Yes
9110251359329515,9110251359,329515,8164870895,6025077375,0,0,0,0,0,No,Yes,No,Yes
9110251359320122,9110251359,320122,8164870895,6025077375,0,0,0,0,0,No,Yes,No,Yes
9110251359328468,9110251359,328468,8164870895,6025077375,0,0,0,0,0,No,Yes,No,Yes
9111356717326895,9111356717,326895,8149892267,6027204494,0,0,0,0,0,Yes,Yes,No,Yes
9111356717324912,9111356717,324912,8149892267,6027204494,0,0,0,0,0,Yes,Yes,No,Yes
9111356717324910,9111356717,324910,8149892267,6027204494,0,0,0,0,0,Yes,Yes,No,Yes
9111356717328418,9111356717,328418,8149892267,6027204494,0,0,0,0,0,Yes,Yes,No,Yes
9111356717328438,9111356717,328438,8149892267,6027204494,0,0,0,0,0,Yes,Yes,No,Yes
9111356717320109,9111356717,320109,8149892267,6027204494,0,0,0,0,0,Yes,Yes,No,Yes
9111356717329515,9111356717,329515,8149892267,6027204494,0,0,0,0,0,Yes,Yes,No,Yes
9111356717328411,9111356717,328411,8149892267,6027204494,0,0,0,0,0,Yes,Yes,No,Yes
9111356717328466,9111356717,328466,8149892267,6027204494,0,0,0,0,0,Yes,Yes,No,Yes
9111356717320119,9111356717,320119,8149892267,6027204494,0,0,0,0,0,Yes,Yes,No,Yes
9111356717320119,9111356717,320119,8149892267,6027204494,0,0,0,0,0,Yes,Yes,No,Yes
9111356717320880,9111356717,320880,8149892267,6027204494,0,0,0,0,0,Yes,Yes,No,Yes
9111356717320882,9111356717,320882,8149892267,6027204494,0,0,0,0,0,Yes,Yes,No,Yes
9111356717326730,9111356717,326730,8149892267,6027204494,0,0,0,0,0,Yes,Yes,No,Yes
9110886675305220,9110886675,305220,8149881754,6026474187,0,0,0,0,0,No,Yes,No,Yes
9110886675305208,9110886675,305208,8149881754,6026474187,0,0,0,0,0,No,Yes,No,Yes
9110886675305617,9110886675,3.06E+05,8149881754,6026474187,0,0,0,0,0,No,Yes,No,Yes
9110886675302830,9110886675,3.03E+05,8149881754,6026474187,0,0,0,0,0,No,Yes,No,Yes
9110886675305487,9110886675,3.05E+05,8149881754,6026474187,0,0,0,0,0,No,Yes,No,Yes
9110886675309572,9110886675,3.10E+05,8149881754,6026474187,0,0,0,0,0,No,Yes,No,Yes
9110886675305197,9110886675,3.05E+05,8149881754,6026474187,0,0,0,0,0,No,Yes,No,Yes
9110886675309657,9110886675,3.10E+05,8149881754,6026474187,0,0,0,0,0,No,Yes,No,Yes
9110886675302832,9110886675,3.03E+05,8149881754,6026474187,0,0,0,0,0,No,Yes,No,Yes
9110886675309605,9110886675,3.10E+05,8149881754,6026474187,0,0,0,0,0,No,Yes,No,Yes
9110886675309643,9110886675,3.10E+05,8149881754,6026474187,0,0,0,0,0,No,Yes,No,Yes
9110886675305194,9110886675,3.05E+05,8149881754,6026474187,0,0,0,0,0,No,Yes,No,Yes
9110886675309653,9110886675,3.10E+05,8149881754,6026474187,0,0,0,0,0,No,Yes,No,Yes
9111389448324911,9111389448,3.25E+05,8149892836,6027434267,0,0,0,0,0,Yes,Yes,No,Yes
9111389448328440,9111389448,3.28E+05,8149892836,6027434267,0,0,0,0,0,Yes,Yes,No,Yes
9111389448320122,9111389448,3.20E+05,8149892836,6027434267,0,0,0,0,0,Yes,Yes,No,Yes
9111389448320550,9111389448,3.21E+05,8149892836,6027434267,0,0,0,0,0,Yes,Yes,No,Yes
9111389448328468,9111389448,3.28E+05,8149892836,6027434267,0,0,0,0,0,Yes,Yes,No,Yes
9111389448328203,9111389448,3.28E+05,8149892836,6027434267,0,0,0,0,0,Yes,Yes,No,Yes
9110886677326895,9110886677,3.27E+05,8149881761,6026482071,0,0,0,0,0,No,Yes,No,Yes
9110886677324912,9110886677,3.25E+05,8149881761,6026482071,0,0,0,0,0,No,Yes,No,Yes
9110886677324911,9110886677,3.25E+05,8149881761,6026482071,0,0,0,0,0,No,Yes,No,Yes
9110886677328418,9110886677,3.28E+05,8149881761,6026482071,0,0,0,0,0,No,Yes,No,Yes
9110886677328468,9110886677,3.28E+05,8149881761,6026482071,0,0,0,0,0,No,Yes,No,Yes
9110886677328203,9110886677,3.28E+05,8149881761,6026482071,0,0,0,0,0,No,Yes,No,Yes
9110886677320109,9110886677,3.20E+05,8149881761,6026482071,0,0,0,0,0,No,Yes,No,Yes
9110886677328466,9110886677,3.28E+05,8149881761,6026482071,0,0,0,0,0,No,Yes,No,Yes
9110886677320122,9110886677,3.20E+05,8149881761,6026482071,0,0,0,0,0,No,Yes,No,Yes
9110886677320119,9110886677,3.20E+05,8149881761,6026482071,0,0,0,0,0,No,Yes,No,Yes
9110886677320883,9110886677,3.21E+05,8149881761,6026482071,0,0,0,0,0,No,Yes,No,Yes
9110251359323487,9110251359,3.23E+05,8164870895,6025077375,0,0,0,0,0,No,Yes,No,Yes
9110251359328431,9110251359,3.28E+05,8164870895,6025077375,0,0,0,0,0,No,Yes,No,Yes
9110251359329515,9110251359,3.30E+05,8164870895,6025077375,0,0,0,0,0,No,Yes,No,Yes
9110251359320122,9110251359,3.20E+05,8164870895,6025077375,0,0,0,0,0,No,Yes,No,Yes
9110251359328468,9110251359,3.28E+05,8164870895,6025077375,0,0,0,0,0,No,Yes,No,Yes
9111356717326895,9111356717,3.27E+05,8149892267,6027204494,0,0,0,0,0,Yes,Yes,No,Yes
9111356717324912,9111356717,3.25E+05,8149892267,6027204494,0,0,0,0,0,Yes,Yes,No,Yes
9111356717324910,9111356717,3.25E+05,8149892267,6027204494,0,0,0,0,0,Yes,Yes,No,Yes
9111356717328418,9111356717,3.28E+05,8149892267,6027204494,0,0,0,0,0,Yes,Yes,No,Yes
9111356717328438,9111356717,3.28E+05,8149892267,6027204494,0,0,0,0,0,Yes,Yes,No,Yes
9111356717320109,9111356717,3.20E+05,8149892267,6027204494,0,0,0,0,0,Yes,Yes,No,Yes
9111356717329515,9111356717,3.30E+05,8149892267,6027204494,0,0,0,0,0,Yes,Yes,No,Yes
9111356717328411,9111356717,3.28E+05,8149892267,6027204494,0,0,0,0,0,Yes,Yes,No,Yes
9111356717328466,9111356717,3.28E+05,8149892267,6027204494,0,0,0,0,0,Yes,Yes,No,Yes
9111356717320119,9111356717,3.20E+05,8149892267,6027204494,0,0,0,0,0,Yes,Yes,No,Yes
9111356717320119,9111356717,3.20E+05,8149892267,6027204494,0,0,0,0,0,Yes,Yes,No,Yes
9111356717320880,9111356717,3.21E+05,8149892267,6027204494,0,0,0,0,0,Yes,Yes,No,Yes
9111356717320882,9111356717,3.21E+05,8149892267,6027204494,0,0,0,0,0,Yes,Yes,No,Yes
9111356717326730,9111356717,3.27E+05,8149892267,6027204494,0,0,0,0,0,Yes,Yes,No,Yes
9110886675305220,9110886675,3.05E+05,8149881754,6026474187,0,0,0,0,0,No,Yes,No,Yes
9110886675305208,9110886675,3.05E+05,8149881754,6026474187,0,0,0,0,0,No,Yes,No,Yes
9110886675305617,9110886675,3.06E+05,8149881754,6026474187,0,0,0,0,0,No,Yes,No,Yes
9110886675302830,9110886675,3.03E+05,8149881754,6026474187,0,0,0,0,0,No,Yes,No,Yes
9110886675305487,9110886675,3.05E+05,8149881754,6026474187,0,0,0,0,0,No,Yes,No,Yes
9110886675309572,9110886675,3.10E+05,8149881754,6026474187,0,0,0,0,0,No,Yes,No,Yes
9110886675305197,9110886675,3.05E+05,8149881754,6026474187,0,0,0,0,0,No,Yes,No,Yes
9110886675309657,9110886675,3.10E+05,8149881754,6026474187,0,0,0,0,0,No,Yes,No,Yes
9110886675302832,9110886675,3.03E+05,8149881754,6026474187,0,0,0,0,0,No,Yes,No,Yes
9110886675309605,9110886675,3.10E+05,8149881754,6026474187,0,0,0,0,0,No,Yes,No,Yes
9110886675309643,9110886675,3.10E+05,8149881754,6026474187,0,0,0,0,0,No,Yes,No,Yes
9110886675305194,9110886675,3.05E+05,8149881754,6026474187,0,0,0,0,0,No,Yes,No,Yes
9110886675309653,9110886675,3.10E+05,8149881754,6026474187,0,0,0,0,0,No,Yes,No,Yes
9111389448324911,9111389448,3.25E+05,8149892836,6027434267,0,0,0,0,0,Yes,Yes,No,Yes
9111389448328440,9111389448,3.28E+05,8149892836,6027434267,0,0,0,0,0,Yes,Yes,No,Yes
9111389448320122,9111389448,3.20E+05,8149892836,6027434267,0,0,0,0,0,Yes,Yes,No,Yes
9111389448320550,9111389448,3.21E+05,8149892836,6027434267,0,0,0,0,0,Yes,Yes,No,Yes
9111389448328468,9111389448,328468,8149892836,6027434267,0,0,0,0,0,Yes,Yes,No,Yes
9111389448328203,9111389448,328203,8149892836,6027434267,0,0,0,0,0,Yes,Yes,No,Yes
9110886677326895,9110886677,326895,8149881761,6026482071,0,0,0,0,0,No,Yes,No,Yes
9110886677324912,9110886677,324912,8149881761,6026482071,0,0,0,0,0,No,Yes,No,Yes
9110886677324911,9110886677,324911,8149881761,6026482071,0,0,0,0,0,No,Yes,No,Yes
9110886677328418,9110886677,328418,8149881761,6026482071,0,0,0,0,0,No,Yes,No,Yes
9110886677328468,9110886677,328468,8149881761,6026482071,0,0,0,0,0,No,Yes,No,Yes
9110886677328203,9110886677,328203,8149881761,6026482071,0,0,0,0,0,No,Yes,No,Yes
9110886677320109,9110886677,320109,8149881761,6026482071,0,0,0,0,0,No,Yes,No,Yes
9110886677328466,9110886677,328466,8149881761,6026482071,0,0,0,0,0,No,Yes,No,Yes
9110886677320122,9110886677,320122,8149881761,6026482071,0,0,0,0,0,No,Yes,No,Yes
9110886677320119,9110886677,320119,8149881761,6026482071,0,0,0,0,0,No,Yes,No,Yes
9110886677320883,9110886677,320883,8149881761,6026482071,0,0,0,0,0,No,Yes,No,Yes
9100597728305211,9100597728,305211,36053,Multiple,0,0,0,0,0,No,NO,No,Yes
9111989897309628,9111989897,309628,8144745019,6026600797,0,0,0,0,0,Yes,Yes,No,Yes
9111831712320882,9111831712,320882,8165987326,6028318862,0,0,0,0,0,No,No,No,Yes
9111831712320883,9111831712,320883,8165987326,6028318862,0,0,0,0,0,No,No,No,Yes
9112119747309575,9112119747,309575,33232255,6028868055,0,0,0,0,0,Yes,Yes,No,Yes
9112119747382523,9112119747,382523,33232255,6028868055,0,0,0,0,0,Yes,Yes,No,Yes
9111279253306546,9111279253,306546,8110788422,6027209862,0,0,0,0,0,Yes,Yes,No,Yes
9111069238320550,9111069238,320550,28338548,6026819672,0,0,0,0,0,No,Yes,No,Yes
9111424438328466,9111424438,328466,121014912,6027339753,0,0,0,0,0,Yes,Yes,No,Yes
9111424438328203,9111424438,328203,121014912,6027339753,0,0,0,0,0,Yes,Yes,No,Yes
9111374559329515,9111374559,329515,141009406,6025918282,0,0,0,0,0,Yes,Yes,No,Yes
9111374559320122,9111374559,320122,141009406,6025918282,0,0,0,0,0,Yes,Yes,No,Yes
9111555340329515,9111555340,329515,161018032,6027764084,0,0,0,0,0,Yes,Yes,No,Yes
9111594947320550,9111594947,320550,281016000,6027795619,0,0,0,0,0,No,Yes,No,Yes
9111135793MV0528,9111135793,MV0528,220125812,6026978226,0,0,0,0,0,Yes,Yes,No,Yes
9111035646320749,9111035646,320749,28337641,6026777122,0,0,0,0,0,Yes,Yes,No,Yes
9111035646320550,9111035646,320550,28337641,6026777122,0,0,0,0,0,Yes,Yes,No,Yes
9111106570MV0528 ,9111106570,MV0528 ,220125249,6026929422,0,0,0,0,0,No,No,No,Yes
9110703805329515,9110703805,329515,10827561,6026114423,0,0,0,0,0,Yes,Yes,No,Yes
9110655761306546,9110655761,306546,41702896,6026053803,0,0,0,0,0,Yes,Yes,No,Yes
9111116862306547,9111116862,306547,37373166,6026870191,0,0,0,0,0,Yes,Yes,No,Yes
9110940504305487,9110940504,305487,27381886,6026564664,0,0,0,0,0,Yes,Yes,No,Yes
9111401125320550,9111401125,320550,291012609,6027517898,0,0,0,0,0,Yes,Yes,No,Yes
9111401125320119,9111401125,320119,291012609,6027517898,0,0,0,0,0,Yes,Yes,No,Yes
9111401125320109,9111401125,320109,291012609,6027517898,0,0,0,0,0,Yes,Yes,No,Yes
9111401125328235,9111401125,328235,291012609,6027517898,0,0,0,0,0,Yes,Yes,No,Yes
9110677622320119,9110677622,320119,12362864,6026037668,0,0,0,0,0,Yes,Yes,No,Yes
9111468359236850,9111468359,236850,391016182,6027602150,0,0,0,0,0,No,No,No,Yes
9110710207320122,9110710207,320122,23975287,6026170800,0,0,0,0,0,Yes,Yes,No,Yes
9110710207320119,9110710207,320119,23975287,6026170800,0,0,0,0,0,Yes,Yes,No,Yes
9110710207320109,9110710207,320109,23975287,6026170800,0,0,0,0,0,Yes,Yes,No,Yes
9110710207328203,9110710207,328203,23975287,6026170800,0,0,0,0,0,Yes,Yes,No,Yes
9110710207328468,9110710207,328468,23975287,6026170800,0,0,0,0,0,Yes,Yes,No,Yes
9110710207328438,9110710207,328438,23975287,6026170800,0,0,0,0,0,Yes,Yes,No,Yes
9110710207328440,9110710207,328440,23975287,6026170800,0,0,0,0,0,Yes,Yes,No,Yes
9110710207328411,9110710207,328411,23975287,6026170800,0,0,0,0,0,Yes,Yes,No,Yes
9110710207329515,9110710207,329515,23975287,6026170800,0,0,0,0,0,Yes,Yes,No,Yes
9110710207324910,9110710207,324910,23975287,6026170800,0,0,0,0,0,Yes,Yes,No,Yes
9110710207324911,9110710207,324911,23975287,6026170800,0,0,0,0,0,Yes,Yes,No,Yes
9110710207320749,9110710207,320749,23975287,6026170800,0,0,0,0,0,Yes,Yes,No,Yes
9110710207320550,9110710207,320550,23975287,6026170800,0,0,0,0,0,Yes,Yes,No,Yes
9111337432320109,9111337432,320109,261006373,6026399576,0,0,0,0,0,No,No,No,Yes
9111337432328468,9111337432,328468,261006373,6026399576,0,0,0,0,0,No,No,No,Yes
9111337432328438,9111337432,328438,261006373,6026399576,0,0,0,0,0,No,No,No,Yes
9111337432329515,9111337432,329515,261006373,6026399576,0,0,0,0,0,No,No,No,Yes
91109801011727172003,9110980101,1727172003,230110892,6026631284,0,0,0,0,0,Yes,Yes,No,Yes
91109801011727172005,9110980101,1727172005,230110892,6026631284,0,0,0,0,0,Yes,Yes,No,Yes
91108332411727170106,9110833241,1727170106,10833627,6026409658,0,0,0,0,0,Yes,Yes,No,Yes
91108332411727170107,9110833241,1727170107,10833627,6026409658,0,0,0,0,0,Yes,Yes,No,Yes
91108332411727170105,9110833241,1727170105,10833627,6026409658,0,0,0,0,0,Yes,Yes,No,Yes
9111254527309623,9111254527,309623,12379181,0,0,0,0,0,0,Yes,Yes,No,Yes
9111135787MV0528 ,9111135787,MV0528 ,2201000196,Multiple,0,0,0,0,0,Yes,Yes,No,Yes
9111451075305198,9111451075,305198,8113775062,6027495794,0,0,0,0,0,Yes,Yes,No,Yes
9111451075515060,9111451075,515060,8113775062,6027495794,0,0,0,0,0,Yes,Yes,No,Yes
9112134365MFS137,9112134365,MFS137,33410809,6028837251,0,0,0,0,0,NO,NO,NO,Yes
9112134365MP1000-C,9112134365,MP1000-C,33410809,6028837251,0,0,0,0,0,NO,NO,NO,Yes
9111889725260100,9111889725,260100,33112143,6028408390,0,0,0,0,0,NO,NO,NO,Yes
9111697408320550,9111697408,320550,8183875741,6028056857,0,0,0,0,0,Yes,Yes,NO,Yes
9112165869385108,9112165869,385108,33261414,6028880481,0,0,0,0,0,Yes,Yes,NO,Yes
9112119742305902,9112119742,305902,33131956,6028827664,0,0,0,0,0,Yes,Yes,NO,Yes
9112119742309575,9112119742,309575,33131956,6028827664,0,0,0,0,0,Yes,Yes,NO,Yes
91106730251727170105,9110673025,1727170105,8145878654,Multiple,0,0,0,0,0,NO,NO,NO,Yes
9110673025305200,9110673025,305200,8145878654,Multiple,0,0,0,0,0,NO,NO,NO,Yes
9111695675309628,9111695675,309628,8112678031,6028005537,0,0,0,0,0,NO,NO,NO,Yes
9112128362261181,9112128362,261181,33411330,6028769784,0,0,0,0,0,NO,NO,NO,Yes
9112128362231748,9112128362,231748,33411330,6028769784,0,0,0,0,0,NO,NO,NO,Yes
9112128362230725,9112128362,230725,33411330,6028769784,0,0,0,0,0,NO,NO,NO,Yes
9112128362231149,9112128362,231149,33411330,6028769784,0,0,0,0,0,NO,NO,NO,Yes
9112128362231590,9112128362,231590,33411330,6028769784,0,0,0,0,0,NO,NO,NO,Yes
9112128362231727,9112128362,231727,33411330,6028769784,0,0,0,0,0,NO,NO,NO,Yes
9112128362231729,9112128362,231729,33411330,6028769784,0,0,0,0,0,NO,NO,NO,Yes
9111332117320119,9111332117,320119,8126767205,6027343430,0,0,0,0,0,Yes,No,No,Yes
9111241862326895,9111241862,326895,8195937508,6027180054,0,0,0,0,0,Yes,No,No,Yes
9111241862329515,9111241862,329515,8195937508,6027180054,0,0,0,0,0,Yes,No,No,Yes
9110630108305200,9110630108,305200,8149874919,6026013639,0,0,0,0,0,No,No,No,Yes
9110630109305200,9110630109,305200,8149875591,6026017711,0,0,0,0,0,No,No,No,Yes
9111180901320550,9111180901,320550,8195936022,6027088801,0,0,0,0,0,Yes,No,No,Yes
9110637194305200,9110637194,305200,8115867656,6025990144,0,0,0,0,0,No,No,No,Yes
9111869713367815,9111869713,367815,PR3335258,7115778688,0,0,0,0,0,Yes,Yes,No,Yes
9111996773220099,9111996773,220099,PR3368600,7115864649,0,0,0,0,0,Yes,Yes,No,Yes
9111996773220146,9111996773,220146,PR3368600,7115864649,0,0,0,0,0,Yes,Yes,No,Yes
9111996773220215,9111996773,220215,PR3368600,7115864649,0,0,0,0,0,Yes,Yes,No,Yes
9111522511367841,9111522511,367841,PR3262125,7115613594,0,0,0,0,0,Yes,Yes,No,Yes
9111512411363706,9111512411,363706,PR3258283,7115604847,0,0,0,0,0,Yes,Yes,No,Yes
9111918390367290,9111918390,367290,PR3349095,7115821217,0,0,0,0,0,Yes,Yes,No,Yes
9111918390301033,9111918390,301033,PR3349095,7115821217,0,0,0,0,0,Yes,Yes,No,Yes
9111877475220518,9111877475,220518,PR3345864,7115802180,0,0,0,0,0,Yes,Yes,No,Yes
