sku,unit_price,pack_price,case_price,units_per_case,units_per_pack,packs_per_case,effective_date,communication_date,buyer_approved
1001900000103,0.73,14.60,219.00,300.00,20.00,15.00,6/15/2023,3/17/2023,Yes
1001900000221,0.73,14.60,219.00,300.00,20.00,15.00,6/15/2023,3/17/2023,Yes
1001900000305,1.71,0.00,20.52,12.00,12.00,0.00,6/15/2023,3/17/2023,Yes
1001900008342,1.71,0.00,20.52,12.00,12.00,0.00,6/15/2023,3/17/2023,Yes
1001900008344,1.71,0.00,20.52,12.00,12.00,0.00,6/15/2023,3/17/2023,Yes
1001900008501,1.71,0.00,20.52,12.00,12.00,0.00,6/15/2023,3/17/2023,Yes
1001900008503,1.71,0.00,20.52,12.00,12.00,0.00,6/15/2023,3/17/2023,Yes
1001900008504,1.71,0.00,20.52,12.00,12.00,0.00,6/15/2023,3/17/2023,Yes
1001900009400,1.71,0.00,20.52,12.00,12.00,0.00,6/15/2023,3/17/2023,Yes
1001900017049,1.71,0.00,20.52,12.00,12.00,0.00,6/15/2023,3/17/2023,Yes
1002200020044,1.59,38.16,228.96,144.00,24.00,6.00,6/15/2023,3/17/2023,Yes
1002200020059,1.59,38.16,228.96,144.00,24.00,6.00,6/15/2023,3/17/2023,Yes
1002200020160,1.59,23.85,143.10,90.00,15.00,6.00,6/15/2023,3/17/2023,Yes
1002200020161,2.00,0.00,16.00,8.00,8.00,0.00,6/15/2023,3/17/2023,Yes
1002200020164,0.59,10.62,84.96,144.00,18.00,8.00,6/15/2023,3/17/2023,Yes
1002200020583,0.59,10.62,84.96,144.00,18.00,8.00,6/15/2023,3/17/2023,Yes
1002200020816,1.71,0.00,20.52,12.00,12.00,0.00,6/15/2023,3/17/2023,Yes
1002200021063,0.73,14.60,219.00,300.00,20.00,15.00,6/15/2023,3/17/2023,Yes
1002200021066,0.73,14.60,219.00,300.00,20.00,15.00,6/15/2023,3/17/2023,Yes
1002200021167,2.64,15.84,63.36,24.00,6.00,4.00,10/15/2021,,Yes
1002200021171,2.64,10.56,42.24,16.00,4.00,4.00,10/15/2021,,Yes
1002200021262,3.54,0.00,70.80,20.00,20.00,0.00,6/15/2023,3/17/2023,Yes
1002200021264,3.54,0.00,70.80,20.00,20.00,0.00,6/15/2023,3/17/2023,Yes
1002200021265,1.21,12.10,145.20,120.00,10.00,12.00,6/15/2023,3/17/2023,Yes
1002200021267,1.21,12.10,145.20,120.00,10.00,12.00,6/15/2023,3/17/2023,Yes
1002200021483,0.92,11.04,132.48,144.00,12.00,12.00,6/15/2023,3/17/2023,Yes
1002200021484,0.92,11.04,132.48,144.00,12.00,12.00,6/15/2023,3/17/2023,Yes
1002200021486,0.92,11.04,132.48,144.00,12.00,12.00,6/15/2023,3/17/2023,Yes
1002200021488,0.92,11.04,132.48,144.00,12.00,12.00,6/15/2023,3/17/2023,Yes
1002200021489,0.92,11.04,132.48,144.00,12.00,12.00,6/15/2023,3/17/2023,Yes
1002200021582,0.92,11.04,132.48,144.00,12.00,12.00,6/15/2023,3/17/2023,Yes
1002200021734,0.92,9.20,110.40,120.00,10.00,12.00,6/15/2023,3/17/2023,Yes
1002200021735,0.92,9.20,110.40,120.00,10.00,12.00,6/15/2023,3/17/2023,Yes
1002200021736,0.92,9.20,110.40,120.00,10.00,12.00,6/15/2023,3/17/2023,Yes
1002200021737,0.92,9.20,110.40,144.00,10.00,12.00,6/15/2023,3/17/2023,Yes
1002200021738,0.92,9.20,110.40,120.00,10.00,12.00,6/15/2023,3/17/2023,Yes
1002200021774,1.45,11.60,139.20,96.00,8.00,12.00,6/15/2023,,Yes
1002200021775,1.45,11.60,139.20,96.00,8.00,12.00,6/15/2023,,Yes
1002200021947,1.21,12.10,145.20,120.00,10.00,12.00,6/15/2023,3/17/2023,Yes
1002200021948,3.54,0.00,70.80,20.00,20.00,0.00,6/15/2023,3/17/2023,Yes
1002200022015,6.74,0.00,40.44,6.00,6.00,0.00,6/15/2023,3/17/2023,Yes
1002200022016,6.74,0.00,40.44,6.00,6.00,0.00,6/15/2023,3/17/2023,Yes
1002200022024,0.92,9.20,110.40,120.00,10.00,12.00,6/15/2023,3/17/2023,Yes
1002200022026,0.92,9.20,110.40,120.00,10.00,12.00,6/15/2023,3/17/2023,Yes
1002200022031,6.74,0.00,40.44,6.00,6.00,0.00,6/15/2023,3/17/2023,Yes
1002200022032,6.74,0.00,40.44,6.00,6.00,0.00,6/15/2023,3/17/2023,Yes
1002200022033,6.74,0.00,40.44,6.00,6.00,0.00,6/15/2023,3/17/2023,Yes
1002200022034,0.92,9.20,110.40,120.00,10.00,12.00,6/15/2023,3/17/2023,Yes
1002200022035,0.92,9.20,110.40,120.00,10.00,12.00,6/15/2023,3/17/2023,Yes
1002200022036,0.92,9.20,110.40,120.00,10.00,12.00,6/15/2023,3/17/2023,Yes
1002200022037,0.92,9.20,110.40,120.00,10.00,12.00,6/15/2023,3/17/2023,Yes
1002200022063,2.65,0.00,53.00,20.00,20.00,0.00,6/15/2023,3/17/2023,Yes
1002200022278,0.92,8.28,99.36,108.00,9.00,12.00,6/15/2023,3/17/2023,Yes
1002200022279,0.92,8.28,99.36,108.00,9.00,12.00,6/15/2023,3/17/2023,Yes
1002200022318,2.65,0.00,53.00,20.00,20.00,0.00,6/15/2023,3/17/2023,Yes
1002200022319,2.65,0.00,53.00,20.00,20.00,0.00,6/15/2023,3/17/2023,Yes
1002200022321,2.65,0.00,53.00,20.00,20.00,0.00,6/15/2023,3/17/2023,Yes
1002200022322,2.65,0.00,53.00,20.00,20.00,0.00,6/15/2023,3/17/2023,Yes
1002200022323,2.65,0.00,53.00,20.00,20.00,0.00,6/15/2023,3/17/2023,Yes
1002200022576,2.65,0.00,53.00,20.00,20.00,0.00,6/15/2023,3/17/2023,Yes
1002200022578,2.65,0.00,53.00,20.00,20.00,0.00,6/15/2023,3/17/2023,Yes
1002200022584,2.65,0.00,53.00,20.00,20.00,0.00,6/15/2023,3/17/2023,Yes
1002200022585,2.65,0.00,53.00,20.00,20.00,0.00,6/15/2023,3/17/2023,Yes
1002200022586,2.65,0.00,53.00,20.00,20.00,0.00,6/15/2023,3/17/2023,Yes
1002200022590,2.65,0.00,53.00,20.00,20.00,0.00,6/15/2023,3/17/2023,Yes
1002200022665,2.64,10.56,42.24,16.00,4.00,4.00,10/15/2021,,Yes
1002200022668,2.64,10.56,42.24,16.00,4.00,4.00,10/15/2021,,Yes
1002200022670,1.45,11.60,139.20,96.00,8.00,12.00,6/15/2023,,Yes
1002200022895,0.91,21.84,262.08,288.00,24.00,12.00,6/15/2023,3/17/2023,Yes
1002200023022,6.61,0.00,52.88,8.00,8.00,0.00,6/24/2022,,Yes
1002200023114,1.21,12.10,145.20,120.00,10.00,12.00,6/15/2023,3/17/2023,Yes
1002200023376,2.64,15.84,63.36,24.00,6.00,4.00,10/15/2021,,Yes
1002200023377,2.64,15.84,63.36,24.00,6.00,4.00,10/15/2021,,Yes
1002200023436,1.21,12.10,145.20,120.00,10.00,12.00,6/15/2023,3/17/2023,Yes
1002200023459,0.92,11.04,132.48,144.00,12.00,12.00,6/15/2023,3/17/2023,Yes
1002200023534,6.75,0.00,40.50,6.00,6.00,0.00,11/1/2022,,Yes
1002200023612,2.64,15.84,63.36,24.00,6.00,4.00,10/15/2021,,Yes
1002200023780,0.92,7.36,132.48,144.00,8.00,18.00,6/15/2023,3/17/2023,Yes
1002200023781,0.92,7.36,132.48,144.00,8.00,18.00,6/15/2023,3/17/2023,Yes
1002200023790,0.92,7.36,132.48,144.00,8.00,18.00,6/15/2023,3/17/2023,Yes
1002200023792,2.65,0.00,26.50,10.00,10.00,0.00,6/15/2023,3/17/2023,Yes
1002200023794,0.92,7.36,132.48,144.00,8.00,18.00,6/15/2023,3/17/2023,Yes
1002200023809,1.12,10.08,100.80,90.00,9.00,10.00,6/24/2022,,Yes
1002200023811,1.12,10.08,100.80,90.00,9.00,10.00,6/24/2022,,Yes
1002200023835,1.71,0.00,20.52,12.00,12.00,0.00,6/15/2023,3/17/2023,Yes
1002200024024,0.92,5.52,132.48,144.00,6.00,24.00,6/15/2023,3/17/2023,Yes
1002200024093,2.65,0.00,53.00,20.00,20.00,0.00,6/15/2023,3/17/2023,Yes
1002200024104,0.92,9.20,110.40,120.00,10.00,12.00,6/15/2023,3/17/2023,Yes
1002200024273,1.21,12.10,145.20,120.00,10.00,12.00,6/15/2023,3/17/2023,Yes
1002200024279,1.59,23.85,143.10,90.00,15.00,6.00,6/15/2023,3/17/2023,Yes
1002200024280,1.59,23.85,143.10,90.00,15.00,6.00,6/15/2023,3/17/2023,Yes
1002200024313,6.61,0.00,52.88,8.00,8.00,0.00,6/24/2022,,Yes
1002200024314,6.61,0.00,52.88,8.00,8.00,0.00,6/24/2022,,Yes
1002200024315,6.61,0.00,52.88,8.00,8.00,0.00,6/24/2022,,Yes
1002200024317,4.63,27.78,111.12,24.00,6.00,4.00,10/15/2021,,Yes
1002200024320,4.63,27.78,111.12,24.00,6.00,4.00,10/15/2021,,Yes
1002200024547,2.76,0.00,33.12,12.00,12.00,0.00,6/15/2023,,Yes
1002200024723,2.00,0.00,16.00,8.00,8.00,0.00,6/15/2023,3/17/2023,Yes
1002200024738,2.64,15.84,63.36,24.00,6.00,4.00,10/15/2021,,Yes
1002200024740,2.64,10.56,42.24,16.00,4.00,4.00,10/15/2021,,Yes
1002200024788,1.21,12.10,145.20,120.00,10.00,12.00,6/15/2023,3/17/2023,Yes
1002200024790,3.54,0.00,70.80,20.00,20.00,0.00,6/15/2023,3/17/2023,Yes
1002200024912,0.59,10.62,84.96,144.00,18.00,8.00,6/15/2023,,Yes
1002200025049,2.00,0.00,16.00,8.00,8.00,0.00,6/15/2023,3/17/2023,Yes
1002200025149,6.74,0.00,40.44,6.00,6.00,0.00,6/15/2023,3/17/2023,Yes
1002200025150,6.74,0.00,40.44,6.00,6.00,0.00,6/15/2023,3/17/2023,Yes
1002200025229,6.74,0.00,40.44,6.00,6.00,0.00,6/15/2023,3/17/2023,Yes
1002200025309,1.59,23.85,143.10,90.00,15.00,6.00,6/15/2023,3/17/2023,Yes
1002200025310,2.64,15.84,63.36,24.00,6.00,4.00,10/15/2021,,Yes
1002200025312,1.59,23.85,143.10,90.00,15.00,6.00,6/15/2023,3/17/2023,Yes
1002200025328,1.71,0.00,20.52,12.00,12.00,0.00,6/15/2023,3/17/2023,Yes
1002200025329,2.64,10.56,42.24,16.00,4.00,4.00,10/15/2021,,Yes
1002200025337,0.92,9.20,110.40,120.00,10.00,12.00,6/15/2023,3/17/2023,Yes
1002200025345,2.64,15.84,63.36,24.00,6.00,4.00,10/15/2021,,Yes
1002200025346,2.64,10.56,42.24,16.00,4.00,4.00,10/15/2021,,Yes
1002200025494,0.91,21.84,262.08,288.00,24.00,12.00,6/15/2023,3/17/2023,Yes
1002200025560,2.33,13.98,111.84,48.00,6.00,8.00,6/15/2023,3/17/2023,Yes
1002200025583,2.65,0.00,53.00,20.00,20.00,0.00,6/15/2023,3/17/2023,Yes
1002200025584,2.65,0.00,53.00,20.00,20.00,0.00,6/15/2023,3/17/2023,Yes
1002200025586,2.65,0.00,53.00,20.00,20.00,0.00,6/15/2023,3/17/2023,Yes
1002200025588,2.65,0.00,53.00,20.00,20.00,0.00,6/15/2023,3/17/2023,Yes
1002200025589,2.65,0.00,53.00,20.00,20.00,0.00,6/15/2023,3/17/2023,Yes
1002200025686,2.00,0.00,16.00,8.00,8.00,0.00,6/15/2023,3/17/2023,Yes
1002200025687,0.91,21.84,262.08,288.00,24.00,12.00,6/15/2023,3/17/2023,Yes
1002200025938,1.71,0.00,20.52,12.00,12.00,0.00,6/15/2023,3/17/2023,Yes
1002200026072,1.59,23.85,143.10,90.00,15.00,6.00,6/15/2023,3/17/2023,Yes
1002200026076,2.33,13.98,111.84,48.00,6.00,8.00,6/15/2023,3/17/2023,Yes
1002200026079,1.71,0.00,20.52,12.00,12.00,0.00,6/15/2023,3/17/2023,Yes
1002200026147,2.64,15.84,63.36,24.00,6.00,4.00,10/15/2021,,Yes
1002200026148,2.64,15.84,63.36,24.00,6.00,4.00,10/15/2021,,Yes
1002200026292,2.64,10.56,63.36,24.00,4.00,6.00,10/15/2021,,Yes
1002200026294,2.64,10.56,63.36,24.00,4.00,6.00,10/15/2021,,Yes
1002200026335,16.41,0.00,196.92,12.00,12.00,0.00,6/15/2023,,Yes
1002200026353,2.00,0.00,16.00,8.00,8.00,0.00,6/15/2023,3/17/2023,Yes
1002200026361,2.64,15.84,63.36,24.00,6.00,4.00,10/15/2021,,Yes
1002200026586,1.71,0.00,20.52,12.00,12.00,0.00,6/15/2023,3/17/2023,Yes
1002200026639,2.00,0.00,16.00,8.00,8.00,0.00,6/15/2023,3/17/2023,Yes
1002200026880,2.46,0.00,49.20,20.00,20.00,0.00,6/24/2022,,Yes
1002200027521,1.59,23.85,143.10,90.00,15.00,6.00,6/15/2023,3/17/2023,Yes
1002200027597,1.71,0.00,20.52,12.00,12.00,0.00,6/15/2023,3/17/2023,Yes
1002200027608,2.00,0.00,16.00,8.00,8.00,0.00,6/15/2023,3/17/2023,Yes
1002200027610,2.00,0.00,16.00,8.00,8.00,0.00,6/15/2023,3/17/2023,Yes
1002200027611,2.33,13.98,111.84,48.00,6.00,8.00,6/15/2023,3/17/2023,Yes
1002200027612,2.33,13.98,111.84,48.00,6.00,8.00,6/15/2023,3/17/2023,Yes
1002200027613,2.94,17.64,141.12,48.00,6.00,8.00,6/15/2023,3/17/2023,Yes
1002200027614,2.94,17.64,141.12,48.00,6.00,8.00,6/15/2023,3/17/2023,Yes
1002200027615,2.00,0.00,16.00,8.00,8.00,0.00,6/15/2023,3/17/2023,Yes
1002200027651,1.21,12.10,145.20,120.00,10.00,12.00,6/15/2023,3/17/2023,Yes
1002200027656,6.74,0.00,40.44,6.00,6.00,0.00,6/15/2023,3/17/2023,Yes
1002200027865,1.59,38.16,228.96,144.00,24.00,6.00,6/15/2023,3/17/2023,Yes
1002200027962,1.12,8.96,89.60,80.00,8.00,10.00,6/24/2022,,Yes
1002200027971,3.40,0.00,20.40,6.00,6.00,0.00,6/15/2023,3/17/2023,Yes
1002200027973,3.40,0.00,20.40,6.00,6.00,0.00,6/15/2023,3/17/2023,Yes
1002200027978,3.40,0.00,20.40,6.00,6.00,0.00,6/15/2023,3/17/2023,Yes
1002200027986,5.31,0.00,31.86,6.00,6.00,0.00,6/15/2023,3/17/2023,Yes
1002200028008,3.40,0.00,20.40,6.00,6.00,0.00,6/15/2023,3/17/2023,Yes
1002200028016,3.40,0.00,20.40,6.00,6.00,0.00,6/15/2023,3/17/2023,Yes
1002200028018,5.31,0.00,31.86,6.00,6.00,0.00,6/15/2023,3/17/2023,Yes
1002200028025,3.40,0.00,20.40,6.00,6.00,0.00,6/15/2023,3/17/2023,Yes
1002200028029,3.40,0.00,20.40,6.00,6.00,0.00,6/15/2023,3/17/2023,Yes
1002200028035,5.31,0.00,31.86,6.00,6.00,0.00,6/15/2023,3/17/2023,Yes
1002200028086,8.89,0.00,53.34,6.00,6.00,0.00,6/15/2023,3/17/2023,Yes
1002200028088,8.89,0.00,53.34,6.00,6.00,0.00,6/15/2023,3/17/2023,Yes
1002200028090,8.89,0.00,53.34,6.00,6.00,0.00,6/15/2023,3/17/2023,Yes
1002200028092,8.89,0.00,53.34,6.00,6.00,0.00,6/15/2023,3/17/2023,Yes
1002200028094,8.89,0.00,53.34,6.00,6.00,0.00,6/15/2023,3/17/2023,Yes
1002200028098,8.89,0.00,53.34,6.00,6.00,0.00,6/15/2023,3/17/2023,Yes
1002200028148,6.66,0.00,39.96,6.00,6.00,0.00,6/24/2022,,Yes
1002200028219,2.33,13.98,111.84,48.00,6.00,8.00,6/15/2023,3/17/2023,Yes
1002200028234,2.64,15.84,63.36,24.00,6.00,4.00,10/15/2021,,Yes
1002200028237,2.64,15.84,63.36,24.00,6.00,4.00,10/15/2021,,Yes
1002200028240,1.59,15.90,95.40,60.00,10.00,6.00,6/15/2023,3/17/2023,Yes
1002200028246,2.64,10.56,63.36,24.00,4.00,6.00,10/15/2021,,Yes
1002200028251,2.64,10.56,63.36,24.00,4.00,6.00,10/15/2021,,Yes
1002200028367,5.31,0.00,31.86,6.00,6.00,0.00,6/15/2023,3/17/2023,Yes
1002200028385,2.33,13.98,111.84,48.00,6.00,8.00,6/15/2023,3/17/2023,Yes
1002200028388,2.33,13.98,111.84,48.00,6.00,8.00,6/15/2023,3/17/2023,Yes
1002200028398,0.98,0.00,11.76,12.00,12.00,0.00,6/24/2022,,Yes
1002200028415,0.98,0.00,23.52,24.00,24.00,0.00,6/24/2022,,Yes
1002200028419,0.98,0.00,11.76,12.00,12.00,0.00,6/24/2022,,Yes
1002200028425,0.98,0.00,11.76,12.00,12.00,0.00,6/24/2022,,Yes
1002200028481,0.91,21.84,262.08,288.00,24.00,12.00,6/15/2023,3/17/2023,Yes
1002200028487,3.40,0.00,20.40,6.00,6.00,0.00,6/15/2023,3/17/2023,Yes
1002200028527,0.98,0.00,11.76,12.00,12.00,0.00,6/24/2022,,Yes
1002200028529,0.98,0.00,11.76,12.00,12.00,0.00,6/24/2022,,Yes
1002200028531,0.98,0.00,11.76,12.00,12.00,0.00,6/24/2022,,Yes
1002200028550,1.93,19.30,231.60,120.00,10.00,12.00,6/15/2023,3/17/2023,Yes
1002200028553,1.93,19.30,231.60,120.00,10.00,12.00,6/15/2023,3/17/2023,Yes
1002200028556,1.93,19.30,231.60,120.00,10.00,12.00,6/15/2023,3/17/2023,Yes
1002200028595,1.71,0.00,20.52,12.00,12.00,0.00,6/15/2023,3/17/2023,Yes
1002200028597,1.71,0.00,20.52,12.00,12.00,0.00,6/15/2023,3/17/2023,Yes
1002200028732,3.40,0.00,27.20,8.00,8.00,0.00,6/15/2023,3/17/2023,Yes
1002200028734,3.40,0.00,27.20,8.00,8.00,0.00,6/15/2023,3/17/2023,Yes
1002200028791,3.40,0.00,27.20,8.00,8.00,0.00,6/15/2023,3/17/2023,Yes
1002200028857,0.98,0.00,11.76,12.00,12.00,0.00,10/15/2021,,Yes
1002200028859,0.98,0.00,11.76,12.00,12.00,0.00,10/15/2021,,Yes
1002200028885,1.71,0.00,20.52,12.00,12.00,0.00,6/15/2023,3/17/2023,Yes
1002200028890,3.40,0.00,27.20,8.00,8.00,0.00,6/15/2023,3/17/2023,Yes
1002200028892,1.71,0.00,20.52,12.00,12.00,0.00,6/15/2023,3/17/2023,Yes
1002200028905,3.40,0.00,27.20,8.00,8.00,0.00,6/15/2023,3/17/2023,Yes
1002200028961,2.64,10.56,63.36,24.00,4.00,6.00,10/22/2021,,Yes
1002200028964,2.64,15.84,63.36,24.00,6.00,4.00,10/15/2021,,Yes
1002200028969,3.40,0.00,27.20,8.00,8.00,0.00,6/15/2023,3/17/2023,Yes
1002200028974,1.71,0.00,20.52,12.00,12.00,0.00,6/15/2023,3/17/2023,Yes
1002200029015,0.59,10.62,84.96,144.00,18.00,8.00,6/15/2023,3/17/2023,Yes
1002200029039,3.51,0.00,14.04,4.00,4.00,0.00,6/15/2023,,Yes
1002200029044,3.40,0.00,20.40,6.00,6.00,0.00,6/15/2023,3/17/2023,Yes
1002200029054,3.40,0.00,20.40,6.00,6.00,0.00,6/15/2023,3/17/2023,Yes
1002200029056,8.89,0.00,53.34,6.00,6.00,0.00,6/15/2023,3/17/2023,Yes
1002200029060,8.89,0.00,53.34,6.00,6.00,0.00,6/15/2023,3/17/2023,Yes
1002200029130,0.92,11.04,331.20,360.00,12.00,30.00,6/15/2023,3/17/2023,Yes
1002200029136,0.92,11.04,331.20,360.00,12.00,30.00,6/15/2023,3/17/2023,Yes
1002200029296,1.59,38.16,228.96,144.00,24.00,6.00,6/15/2023,3/17/2023,Yes
1002200029320,0.25,10.00,200.00,800.00,40.00,20.00,12/30/2021,,Yes
1002200029323,0.25,10.00,200.00,800.00,40.00,20.00,12/30/2021,,Yes
1002200029326,0.25,10.00,200.00,800.00,40.00,20.00,12/30/2021,,Yes
1002200029329,0.25,10.00,200.00,800.00,40.00,20.00,12/30/2021,,Yes
1002200029332,0.25,10.00,200.00,800.00,40.00,20.00,12/30/2021,,Yes
1002200029449,6.74,0.00,40.44,6.00,6.00,0.00,6/15/2023,3/17/2023,Yes
1002200029450,6.74,0.00,40.44,6.00,6.00,0.00,6/15/2023,3/17/2023,Yes
1002200029452,6.74,0.00,40.44,6.00,6.00,0.00,6/15/2023,3/17/2023,Yes
1002200029464,2.00,0.00,16.00,8.00,8.00,0.00,6/15/2023,3/17/2023,Yes
1002200063100,3.92,0.00,47.04,12.00,12.00,0.00,6/15/2023,,Yes
1002200063131,1.96,23.52,282.24,144.00,12.00,12.00,6/15/2023,,Yes
1002200063140,1.96,23.52,282.24,144.00,12.00,12.00,6/15/2023,,Yes
1002200063142,1.96,23.52,282.24,144.00,12.00,12.00,6/15/2023,,Yes
1002200063144,1.96,23.52,282.24,144.00,12.00,12.00,6/15/2023,,Yes
1004000001104,0.91,21.84,262.08,288.00,24.00,12.00,6/15/2023,3/17/2023,Yes
1004000001105,0.91,21.84,262.08,288.00,24.00,12.00,6/15/2023,3/17/2023,Yes
1004000001151,0.91,32.76,327.60,360.00,36.00,10.00,6/15/2023,3/17/2023,Yes
1004000001160,0.91,32.76,327.60,360.00,36.00,10.00,6/15/2023,3/17/2023,Yes
1004000001162,0.91,32.76,327.60,360.00,36.00,10.00,6/15/2023,3/17/2023,Yes
1004000001163,0.91,32.76,327.60,360.00,36.00,10.00,6/15/2023,3/17/2023,Yes
1004000001232,0.91,43.68,349.44,384.00,48.00,8.00,6/15/2023,3/17/2023,Yes
1004000001244,0.91,21.84,262.08,288.00,24.00,12.00,6/15/2023,3/17/2023,Yes
1004000001266,0.91,21.84,262.08,288.00,24.00,12.00,6/15/2023,3/17/2023,Yes
1004000001502,2.07,0.00,24.84,12.00,12.00,0.00,6/15/2023,3/17/2023,Yes
1004000001731,2.07,0.00,24.84,12.00,12.00,0.00,6/15/2023,3/17/2023,Yes
1004000001732,2.07,0.00,24.84,12.00,12.00,0.00,6/15/2023,3/17/2023,Yes
1004000001744,2.07,0.00,24.84,12.00,12.00,0.00,6/15/2023,3/17/2023,Yes
1004000003237,0.91,21.84,262.08,288.00,24.00,12.00,6/15/2023,3/17/2023,Yes
1004000004401,1.59,38.16,228.96,144.00,24.00,6.00,6/15/2023,3/17/2023,Yes
1004000004431,1.59,38.16,228.96,144.00,24.00,6.00,6/15/2023,3/17/2023,Yes
1004000004432,1.59,38.16,228.96,144.00,24.00,6.00,6/15/2023,3/17/2023,Yes
1004000004460,1.59,38.16,228.96,144.00,24.00,6.00,6/15/2023,3/17/2023,Yes
1004000004466,1.59,38.16,228.96,144.00,24.00,6.00,6/15/2023,3/17/2023,Yes
1004000005851,2.51,0.00,30.12,12.00,12.00,0.00,6/30/2022,,Yes
1004000011110,0.91,32.76,327.60,360.00,36.00,10.00,6/15/2023,3/17/2023,Yes
1004000014092,1.71,0.00,20.52,12.00,12.00,0.00,6/15/2023,3/17/2023,Yes
1004000014093,1.71,0.00,20.52,12.00,12.00,0.00,6/15/2023,3/17/2023,Yes
1004000014114,1.71,0.00,20.52,12.00,12.00,0.00,6/15/2023,3/17/2023,Yes
1004000014451,1.59,38.16,228.96,144.00,24.00,6.00,6/15/2023,3/17/2023,Yes
1004000024603,1.59,38.16,228.96,144.00,24.00,6.00,6/15/2023,3/17/2023,Yes
1004000032247,1.59,38.16,228.96,144.00,24.00,6.00,6/15/2023,3/17/2023,Yes
1004000032252,1.59,38.16,228.96,144.00,24.00,6.00,6/15/2023,3/17/2023,Yes
1004000032970,0.91,21.84,262.08,288.00,24.00,12.00,6/15/2023,3/17/2023,Yes
1004000034777,9.02,0.00,108.24,12.00,12.00,0.00,11/1/2023,,Yes
1004000034787,8.04,0.00,48.24,6.00,6.00,0.00,11/1/2023,,Yes
1004000035387,1.59,38.16,228.96,144.00,24.00,6.00,6/15/2023,3/17/2023,Yes
1004000035391,0.91,32.76,327.60,360.00,36.00,10.00,6/15/2023,3/17/2023,Yes
1004000035470,5.46,0.00,65.52,12.00,12.00,0.00,6/15/2023,,Yes
1004000038060,1.59,38.16,228.96,144.00,24.00,6.00,6/15/2023,3/17/2023,Yes
1004000039412,0.91,16.38,196.56,216.00,18.00,12.00,6/15/2023,3/17/2023,Yes
1004000039505,4.09,0.00,49.08,12.00,12.00,0.00,11/1/2023,11/1/2023,Yes
1004000040265,0.91,21.84,262.08,288.00,24.00,12.00,6/15/2023,3/17/2023,Yes
1004000042206,0.91,32.76,327.60,360.00,36.00,10.00,6/15/2023,3/17/2023,Yes
1004000042208,0.91,32.76,327.60,360.00,36.00,10.00,6/15/2023,3/17/2023,Yes
1004000042431,0.91,43.68,349.44,384.00,48.00,8.00,6/15/2023,3/17/2023,Yes
1004000044148,1.59,28.62,171.72,108.00,18.00,6.00,6/15/2023,3/17/2023,Yes
1004000044310,5.46,0.00,65.52,12.00,12.00,0.00,6/15/2023,,Yes
1004000044327,5.46,0.00,131.04,24.00,24.00,0.00,8/22/2023,,Yes
1004000044328,5.46,0.00,65.52,12.00,12.00,0.00,6/15/2023,,Yes
1004000044651,1.59,38.16,228.96,144.00,24.00,6.00,6/15/2023,3/17/2023,Yes
1004000045984,0.91,16.38,196.56,216.00,18.00,12.00,6/15/2023,3/17/2023,Yes
1004000045985,0.91,16.38,196.56,216.00,18.00,12.00,6/15/2023,3/17/2023,Yes
1004000046408,0.98,0.00,23.52,24.00,24.00,0.00,6/24/2022,,Yes
1004000046410,0.98,0.00,23.52,24.00,24.00,0.00,6/24/2022,,Yes
1004000046411,0.98,0.00,23.52,24.00,24.00,0.00,6/24/2022,,Yes
1004000046426,0.98,0.00,23.52,24.00,24.00,0.00,6/24/2022,,Yes
1004000047417,1.59,28.62,171.72,108.00,18.00,6.00,6/15/2023,3/17/2023,Yes
1004000047587,16.41,0.00,164.10,10.00,10.00,0.00,6/15/2023,,Yes
1004000047652,1.59,38.16,228.96,144.00,24.00,6.00,6/15/2023,3/17/2023,Yes
1004000049471,4.09,0.00,73.62,18.00,18.00,0.00,7/20/2023,,Yes
1004000049751,0.98,0.00,11.76,12.00,12.00,0.00,10/15/2021,,Yes
1004000049753,0.98,0.00,11.76,12.00,12.00,0.00,10/15/2021,,Yes
1004000050403,1.59,38.16,228.96,144.00,24.00,6.00,6/15/2023,3/17/2023,Yes
1004000050547,4.09,0.00,81.80,20.00,20.00,0.00,11/1/2023,11/1/2023,Yes
1004000050593,4.09,0.00,49.08,12.00,12.00,0.00,11/1/2023,11/1/2023,Yes
1004000050881,0.91,21.84,262.08,288.00,24.00,12.00,6/15/2023,3/17/2023,Yes
1004000050884,1.59,38.16,228.96,144.00,24.00,6.00,6/15/2023,3/17/2023,Yes
1004000051533,2.07,0.00,24.84,12.00,12.00,0.00,6/15/2023,3/17/2023,Yes
1004000052503,0.98,0.00,11.76,12.00,12.00,0.00,6/24/2022,,Yes
1004000052531,4.09,0.00,32.72,8.00,8.00,0.00,11/1/2023,3/17/2023,Yes
1004000052535,4.09,0.00,32.72,8.00,8.00,0.00,11/1/2023,3/17/2023,Yes
1004000052537,4.41,0.00,35.28,8.00,8.00,0.00,6/15/2023,,Yes
1004000052539,4.41,0.00,35.28,8.00,8.00,0.00,6/15/2023,,Yes
1004000052541,4.41,0.00,35.28,8.00,8.00,0.00,6/15/2023,,Yes
1004000052543,4.41,0.00,35.28,8.00,8.00,0.00,6/15/2023,,Yes
1004000052545,4.41,0.00,35.28,8.00,8.00,0.00,6/15/2023,,Yes
1004000052551,4.09,0.00,32.72,8.00,8.00,0.00,11/1/2023,3/17/2023,Yes
1004000052553,4.41,0.00,35.28,8.00,8.00,0.00,6/15/2023,,Yes
1004000052558,4.09,0.00,32.72,8.00,8.00,0.00,11/1/2023,3/17/2023,Yes
1004000052560,7.25,0.00,58.00,8.00,8.00,0.00,6/15/2023,,Yes
1004000052564,6.20,0.00,49.60,8.00,8.00,0.00,6/15/2023,3/17/2023,Yes
1004000052566,7.25,0.00,58.00,8.00,8.00,0.00,6/15/2023,,Yes
1004000052588,6.20,0.00,49.60,8.00,8.00,0.00,11/1/2023,3/17/2023,Yes
1004000052901,7.25,0.00,58.00,8.00,8.00,0.00,6/15/2023,,Yes
1004000054141,1.73,20.76,20.76,12.00,12.00,1.00,6/15/2023,,Yes
1004000054144,1.73,20.76,20.76,12.00,12.00,1.00,6/15/2023,,Yes
1004000055085,11.56,0.00,69.36,6.00,6.00,0.00,6/15/2023,3/17/2023,Yes
1004000055114,11.56,0.00,69.36,6.00,6.00,0.00,6/15/2023,3/17/2023,Yes
1004000055116,11.56,0.00,69.36,6.00,6.00,0.00,6/15/2023,3/17/2023,Yes
1004000055192,1.59,31.80,190.80,120.00,20.00,6.00,6/15/2023,3/17/2023,Yes
1004000055489,11.56,0.00,69.36,6.00,6.00,0.00,6/15/2023,3/17/2023,Yes
1004000055541,0.91,21.84,262.08,288.00,24.00,12.00,6/15/2023,3/17/2023,Yes
1004000055544,1.59,38.16,228.96,144.00,24.00,6.00,6/15/2023,3/17/2023,Yes
1004000055546,4.09,0.00,32.72,8.00,8.00,0.00,6/15/2023,3/17/2023,Yes
1004000055813,4.41,0.00,35.28,8.00,8.00,0.00,6/15/2023,,Yes
1004000056025,11.41,0.00,68.46,6.00,6.00,0.00,11/1/2023,,Yes
1004000056045,0.91,21.84,262.08,288.00,24.00,12.00,6/15/2023,3/17/2023,Yes
1004000056046,1.59,38.16,228.96,144.00,24.00,6.00,6/15/2023,3/17/2023,Yes
1004000056091,11.41,0.00,68.46,6.00,6.00,0.00,11/1/2023,,Yes
1004000056374,0.91,21.84,262.08,288.00,24.00,12.00,6/15/2023,3/17/2023,Yes
1004000056377,1.59,38.16,228.96,144.00,24.00,6.00,6/15/2023,3/17/2023,Yes
1004000056501,4.09,0.00,32.72,8.00,8.00,0.00,11/1/2023,3/17/2023,Yes
1004000056508,0.98,0.00,11.76,12.00,12.00,0.00,6/24/2022,,Yes
1004000056510,0.98,0.00,11.76,12.00,12.00,0.00,6/24/2022,,Yes
1004000056512,0.98,0.00,11.76,12.00,12.00,0.00,6/24/2022,,Yes
1004000056514,0.98,0.00,11.76,12.00,12.00,0.00,6/24/2022,,Yes
1004000056516,0.98,0.00,9.80,10.00,10.00,0.00,6/24/2022,,Yes
1004000056520,0.98,0.00,11.76,12.00,12.00,0.00,6/24/2022,,Yes
1004000056562,1.59,28.62,171.72,108.00,18.00,6.00,6/15/2023,3/17/2023,Yes
1004000056568,4.09,0.00,32.72,8.00,8.00,0.00,6/15/2023,3/17/2023,Yes
1004000056613,6.20,0.00,49.60,8.00,8.00,0.00,11/1/2023,,Yes
1004000056617,6.20,0.00,49.60,8.00,8.00,0.00,11/1/2023,,Yes
1004000056700,11.56,0.00,69.36,6.00,6.00,0.00,6/15/2023,3/17/2023,Yes
1004000056836,6.20,0.00,49.60,8.00,8.00,0.00,6/15/2023,3/17/2023,Yes
1004000057456,0.91,18.20,218.40,240.00,20.00,12.00,6/15/2023,3/17/2023,Yes
1004000057459,1.59,31.80,190.80,120.00,20.00,6.00,6/15/2023,3/17/2023,Yes
1004000057515,11.41,0.00,68.46,6.00,6.00,0.00,11/1/2023,,Yes
1004000057519,11.41,0.00,68.46,6.00,6.00,0.00,11/1/2023,,Yes
1004000057624,11.41,0.00,68.46,6.00,6.00,0.00,11/1/2023,,Yes
1004000057634,11.41,0.00,68.46,6.00,6.00,0.00,11/1/2023,,Yes
1004000057636,11.41,0.00,68.46,6.00,6.00,0.00,11/1/2023,,Yes
1004000057638,11.41,0.00,68.46,6.00,6.00,0.00,11/1/2023,,Yes
1004000057640,11.41,0.00,68.46,6.00,6.00,0.00,11/1/2023,,Yes
1004000057800,1.59,31.80,190.80,120.00,20.00,6.00,6/15/2023,3/17/2023,Yes
1004000057806,1.59,31.80,190.80,120.00,20.00,6.00,6/15/2023,3/17/2023,Yes
1004000057978,4.09,0.00,49.08,12.00,12.00,0.00,6/15/2023,3/17/2023,Yes
1004000057980,4.09,0.00,49.08,12.00,12.00,0.00,6/15/2023,3/17/2023,Yes
1004000057982,4.09,0.00,32.72,8.00,8.00,0.00,6/15/2023,3/17/2023,Yes
1004000057984,4.09,0.00,32.72,8.00,8.00,0.00,6/15/2023,3/17/2023,Yes
1004000057993,6.20,0.00,49.60,8.00,8.00,0.00,6/15/2023,3/17/2023,Yes
1004000057995,4.09,0.00,32.72,8.00,8.00,0.00,3/19/2019,3/17/2023,Yes
1004000057997,6.20,0.00,49.60,8.00,8.00,0.00,6/15/2023,3/17/2023,Yes
1004000058001,4.09,0.00,32.72,8.00,8.00,0.00,6/15/2023,3/17/2023,Yes
1004000058003,6.20,0.00,49.60,8.00,8.00,0.00,6/15/2023,3/17/2023,Yes
1004000058005,4.09,0.00,32.72,8.00,8.00,0.00,3/1/2019,3/17/2023,Yes
1004000058007,6.20,0.00,49.60,8.00,8.00,0.00,6/15/2023,3/17/2023,Yes
1004000058009,4.09,0.00,32.72,8.00,8.00,0.00,6/15/2023,3/17/2023,Yes
1004000058011,6.20,0.00,74.40,12.00,12.00,0.00,6/15/2023,3/17/2023,Yes
1004000058013,2.07,0.00,24.84,12.00,12.00,0.00,6/15/2023,3/17/2023,Yes
1004000058017,4.09,0.00,32.72,8.00,8.00,0.00,6/15/2023,3/17/2023,Yes
1004000058021,6.20,0.00,49.60,8.00,8.00,0.00,1/16/2019,3/17/2023,Yes
1004000058023,2.07,0.00,16.56,8.00,8.00,0.00,6/15/2023,3/17/2023,Yes
1004000058028,6.20,0.00,74.40,12.00,12.00,0.00,6/15/2023,3/17/2023,Yes
1004000058030,2.07,0.00,24.84,12.00,12.00,0.00,6/15/2023,3/17/2023,Yes
1004000058034,4.09,0.00,32.72,8.00,8.00,0.00,3/19/2019,3/17/2023,Yes
1004000058090,0.91,21.84,262.08,288.00,24.00,12.00,6/15/2023,3/17/2023,Yes
1004000058095,1.59,38.16,228.96,144.00,24.00,6.00,6/15/2023,3/17/2023,Yes
1004000058097,4.09,0.00,32.72,8.00,8.00,0.00,6/15/2023,3/17/2023,Yes
1004000058122,2.07,0.00,12.42,6.00,6.00,0.00,6/15/2023,3/17/2023,Yes
1004000058124,6.20,0.00,49.60,8.00,8.00,0.00,6/15/2023,3/17/2023,Yes
1004000058132,0.91,21.84,131.04,144.00,24.00,6.00,6/15/2023,3/17/2023,Yes
1004000058139,1.59,38.16,228.96,144.00,24.00,6.00,6/15/2023,3/17/2023,Yes
1004000058185,1.59,28.62,171.72,108.00,18.00,6.00,6/15/2023,3/17/2023,Yes
1004000058187,4.09,0.00,32.72,8.00,8.00,0.00,6/15/2023,3/17/2023,Yes
1004000058241,6.20,0.00,49.60,8.00,8.00,0.00,6/15/2023,3/17/2023,Yes
1004000058353,0.91,18.20,218.40,240.00,20.00,12.00,6/15/2023,3/17/2023,Yes
1004000058356,1.59,31.80,190.80,120.00,20.00,6.00,6/15/2023,3/17/2023,Yes
1004000058494,1.86,0.00,22.32,12.00,12.00,0.00,6/15/2023,3/17/2023,Yes
1004000058605,4.09,0.00,32.72,8.00,8.00,0.00,11/1/2023,3/17/2023,Yes
1004000058609,0.91,21.84,262.08,288.00,24.00,12.00,6/15/2023,3/17/2023,Yes
1004000058612,1.59,38.16,228.96,144.00,24.00,6.00,6/15/2023,3/17/2023,Yes
1004000058614,4.09,0.00,32.72,8.00,8.00,0.00,6/15/2023,3/17/2023,Yes
1004000058819,7.25,0.00,58.00,8.00,8.00,0.00,6/15/2023,,Yes
1004000058843,4.41,0.00,35.28,8.00,8.00,0.00,6/15/2023,,Yes
1004000058924,4.09,0.00,73.62,18.00,18.00,0.00,11/1/2023,11/1/2023,Yes
1004000058941,4.09,0.00,65.44,16.00,16.00,0.00,11/1/2023,11/1/2023,Yes
1004000058943,4.09,0.00,65.44,16.00,16.00,0.00,11/1/2023,11/1/2023,Yes
1004000058947,4.09,0.00,65.44,16.00,16.00,0.00,11/1/2023,11/1/2023,Yes
1004000058973,4.09,0.00,65.44,16.00,16.00,0.00,11/1/2023,11/1/2023,Yes
1004141942005,1.86,0.00,22.32,12.00,12.00,0.00,6/15/2023,3/17/2023,Yes
1004141942006,1.86,0.00,22.32,12.00,12.00,0.00,6/15/2023,3/17/2023,Yes
1004141942007,1.86,0.00,22.32,12.00,12.00,0.00,6/15/2023,3/17/2023,Yes
1004141942008,1.86,0.00,22.32,12.00,12.00,0.00,6/15/2023,3/17/2023,Yes
1004141942011,1.86,0.00,22.32,12.00,12.00,0.00,6/15/2023,3/17/2023,Yes
1004141971471,0.59,10.62,127.44,216.00,18.00,12.00,6/15/2023,3/17/2023,Yes
1004141971473,0.59,10.62,127.44,216.00,18.00,12.00,6/15/2023,3/17/2023,Yes
1004141971474,0.59,10.62,127.44,216.00,18.00,12.00,6/15/2023,3/17/2023,Yes
1004141971475,0.59,10.62,127.44,216.00,18.00,12.00,6/15/2023,3/17/2023,Yes
1004141978155,0.98,0.00,11.76,12.00,12.00,0.00,8/8/2023,,Yes
1004141978168,0.98,0.00,11.76,12.00,12.00,0.00,8/8/2023,,Yes
1004141978172,3.04,0.00,24.32,8.00,8.00,0.00,6/15/2023,3/17/2023,Yes
1004141978192,0.98,0.00,11.76,12.00,12.00,0.00,6/19/2023,,Yes
22000284013,0.98,0.00,11.76,12.00,12.00,0.00,6/24/2022,,Yes
22000284853,1.59,38.16,228.96,144.00,24.00,6.00,6/15/2023,3/17/2023,Yes
22000292803,0.92,9.20,110.40,120.00,10.00,12.00,6/15/2023,3/17/2023,Yes
22000292827,2.65,0.00,53.00,20.00,20.00,0.00,6/15/2023,3/17/2023,Yes
40000412458,16.41,0.00,164.10,10.00,10.00,0.00,6/15/2023,,Yes
40000493037,4.09,0.00,49.08,12.00,12.00,0.00,11/1/2023,11/1/2023,Yes
40000499909,0.91,32.76,294.84,324.00,36.00,9.00,6/15/2023,3/17/2023,Yes
40000526032,4.09,0.00,32.72,8.00,8.00,0.00,11/1/2023,3/17/2023,Yes
40000526179,4.41,0.00,35.28,8.00,8.00,0.00,6/15/2023,,Yes
40000536178,2.10,0.00,37.80,18.00,18.00,0.00,6/24/2022,,Yes
40000536192,2.10,0.00,37.80,18.00,18.00,0.00,6/24/2022,,Yes
40000536260,2.10,0.00,37.80,18.00,18.00,0.00,6/24/2022,,Yes
40000536383,2.10,0.00,37.80,18.00,18.00,0.00,6/24/2022,,Yes
40000566373,6.29,0.00,37.74,6.00,6.00,0.00,11/1/2023,,Yes
40000566472,6.29,0.00,37.74,6.00,6.00,0.00,11/1/2023,,Yes
40000577904,7.25,0.00,58.00,8.00,8.00,0.00,6/15/2023,,Yes
40000577911,7.25,0.00,58.00,8.00,8.00,0.00,6/15/2023,,Yes
