concat,invoice_number,invoice_date,sku,billed_qty,gross_price,oi_deal,promo_allowance,cash_discount,freight_amount,others,net_price,gross_price_per_qty,net_price_per_qty,fuel_allowance,lane,freight_rate,freight_weight,gross_weight,total_freight,order_number,bol,carrier,freight_type,invoice_status
9.03333E+19,9033331523,11/9/2023,2300096575,60,"1,749.60",0,0,0,79.23,6.47,"1,663.90",29.16,27.73,0,A,3.85,100,"36,854.35","1,418.90",13431,-,CUSTOMER PICKUP DEFAULT SCAC / CPU,CPU,Yes
9.03333E+19,9033331523,11/9/2023,2700039014,176,"6,673.92",950.4,0,0,172.99,24.69,"5,525.84",37.92,31.4,0,A,3.85,100,"36,854.35","1,418.90",13431,-,CUSTOMER PICKUP DEFAULT SCAC / CPU,CPU,Yes
9.03333E+19,9033331523,11/9/2023,2700039029,88,"2,671.68",146.08,0,0,83.79,9.89,"2,431.92",30.36,27.64,0,A,3.85,100,"36,854.35","1,418.90",13431,-,CUSTOMER PICKUP DEFAULT SCAC / CPU,CPU,Yes
9.03333E+19,9033331523,11/9/2023,2700050008,112,"2,325.12",328.16,0,0,88.03,8.6,"1,900.33",20.76,16.97,0,A,3.85,100,"36,854.35","1,418.90",13431,-,CUSTOMER PICKUP DEFAULT SCAC / CPU,CPU,Yes
9.03333E+19,9033331523,11/9/2023,4430010604,176,"3,505.92",0,0,0,92.39,12.97,"3,400.56",19.92,19.32,0,A,3.85,100,"36,854.35","1,418.90",13431,-,CUSTOMER PICKUP DEFAULT SCAC / CPU,CPU,Yes
9.03333E+19,9033331523,11/9/2023,4690074001,150,"2,160.00",0,0,0,73.76,7.99,"2,078.25",14.4,13.86,0,A,3.85,100,"36,854.35","1,418.90",13431,-,CUSTOMER PICKUP DEFAULT SCAC / CPU,CPU,Yes
9.03333E+19,9033331523,11/9/2023,4690074010,150,"2,160.00",0,0,0,7.99,7.99,"2,144.02",14.4,14.29,0,A,3.85,100,"36,854.35","1,418.90",13431,-,CUSTOMER PICKUP DEFAULT SCAC / CPU,CPU,Yes
9.03333E+19,9033331523,11/9/2023,5200001113,48,"1,814.40",240.48,0,0,85.19,6.71,"1,482.02",37.8,30.88,0,A,3.85,100,"36,854.35","1,418.90",13431,-,CUSTOMER PICKUP DEFAULT SCAC / CPU,CPU,Yes
9.03333E+19,9033331523,11/9/2023,5410000970,80,"2,678.40",144,0,0,95.48,9.91,"2,429.01",33.48,30.36,0,A,3.85,100,"36,854.35","1,418.90",13431,-,CUSTOMER PICKUP DEFAULT SCAC / CPU,CPU,Yes
9.03333E+19,9033331523,11/9/2023,5410097765,15,252,0,0,0,8.64,0.93,242.43,16.8,16.16,0,A,3.85,100,"36,854.35","1,418.90",13431,-,CUSTOMER PICKUP DEFAULT SCAC / CPU,CPU,Yes
9.03333E+19,9033331523,11/9/2023,6414410626,0,0,0,0,0,0,0,0,,,0,A,3.85,100,"36,854.35","1,418.90",13431,-,CUSTOMER PICKUP DEFAULT SCAC / CPU,CPU,Yes
9.03333E+19,9033331523,11/9/2023,6414410630,40,"1,036.80",0,0,0,15.23,3.84,"1,017.73",25.92,25.44,0,A,3.85,100,"36,854.35","1,418.90",13431,-,CUSTOMER PICKUP DEFAULT SCAC / CPU,CPU,Yes
9.03333E+19,9033331523,11/9/2023,6414410631,40,"1,036.80",0,0,0,15.26,3.84,"1,017.70",25.92,25.44,0,A,3.85,100,"36,854.35","1,418.90",13431,-,CUSTOMER PICKUP DEFAULT SCAC / CPU,CPU,Yes
9.03333E+19,9033331523,11/9/2023,6414460245,80,"2,659.20",0,0,0,75.19,9.84,"2,574.17",33.24,32.18,0,A,3.85,100,"36,854.35","1,418.90",13431,-,CUSTOMER PICKUP DEFAULT SCAC / CPU,CPU,Yes
9.03333E+19,9033331523,11/9/2023,7092047989,70,"2,299.50",0,0,0,35.16,8.51,"2,255.83",32.85,32.23,0,A,3.85,100,"36,854.35","1,418.90",13431,-,CUSTOMER PICKUP DEFAULT SCAC / CPU,CPU,Yes
9.03333E+19,9033331523,11/9/2023,7615001130,70,"1,255.80",0,0,0,22.05,4.65,"1,229.10",17.94,17.56,0,A,3.85,100,"36,854.35","1,418.90",13431,-,CUSTOMER PICKUP DEFAULT SCAC / CPU,CPU,Yes
9.03333E+19,9033331523,11/9/2023,7615023222,105,"1,883.70",0,0,0,33.33,6.97,"1,843.40",17.94,17.56,0,A,3.85,100,"36,854.35","1,418.90",13431,-,CUSTOMER PICKUP DEFAULT SCAC / CPU,CPU,Yes
9.03333E+19,9033331523,11/9/2023,7615023252,210,"3,767.40",0,0,0,66.65,13.94,"3,686.81",17.94,17.56,0,A,3.85,100,"36,854.35","1,418.90",13431,-,CUSTOMER PICKUP DEFAULT SCAC / CPU,CPU,Yes
9.03333E+19,9033331523,11/9/2023,7615023258,105,"2,419.20",0,0,0,33.62,8.95,"2,376.63",23.04,22.63,0,A,3.85,100,"36,854.35","1,418.90",13431,-,CUSTOMER PICKUP DEFAULT SCAC / CPU,CPU,Yes
9.03333E+19,9033331523,11/9/2023,4420900114,65,"1,433.25",0,0,0,75.96,0,"1,357.29",22.05,20.88,0,A,3.85,100,"36,854.35","1,418.90",13431,-,CUSTOMER PICKUP DEFAULT SCAC / CPU,CPU,Yes
9.03333E+19,9033331523,11/9/2023,4420929047,60,"2,412.00",0,0,0,57.54,8.92,"2,345.54",40.2,39.09,0,A,3.85,100,"36,854.35","1,418.90",13431,-,CUSTOMER PICKUP DEFAULT SCAC / CPU,CPU,Yes
9.03333E+19,9033331523,11/9/2023,4420931131,120,"2,808.00",288,0,0,71.02,10.39,"2,438.59",23.4,20.32,0,A,3.85,100,"36,854.35","1,418.90",13431,-,CUSTOMER PICKUP DEFAULT SCAC / CPU,CPU,Yes
9.03333E+19,9033331523,11/9/2023,4420979129,60,"2,412.00",0,0,0,59.33,8.92,"2,343.75",40.2,39.06,0,A,3.85,100,"36,854.35","1,418.90",13431,-,CUSTOMER PICKUP DEFAULT SCAC / CPU,CPU,Yes
9.03333E+19,9033331523,11/9/2023,1878001194,20,592.8,0,0,0,5.31,2.19,585.3,29.64,29.27,0,A,3.85,100,"36,854.35","1,418.90",13431,-,CUSTOMER PICKUP DEFAULT SCAC / CPU,CPU,Yes
9.03354E+19,9033539391,1/4/2024,2700038142,60,979.2,0,0,0,28.08,3.62,947.5,16.32,15.79,0,A,3.85,100,"38,338.96","1,476.07",16552,-,CUSTOMER PICKUP DEFAULT SCAC / CPU,CPU,Yes
9.03354E+19,9033539391,1/4/2024,2700038144,60,"1,605.60",0,0,0,61.75,5.94,"1,537.91",26.76,25.63,0,A,3.85,100,"38,338.96","1,476.07",16552,-,CUSTOMER PICKUP DEFAULT SCAC / CPU,CPU,Yes
9.03354E+19,9033539391,1/4/2024,2700039029,88,"2,671.68",146.08,0,0,83.79,9.89,"2,431.92",30.36,27.64,0,A,3.85,100,"38,338.96","1,476.07",16552,-,CUSTOMER PICKUP DEFAULT SCAC / CPU,CPU,Yes
9.03354E+19,9033539391,1/4/2024,2700041921,72,"1,080.00",50.4,0,0,30.77,4,994.83,15,13.82,0,A,3.85,100,"38,338.96","1,476.07",16552,-,CUSTOMER PICKUP DEFAULT SCAC / CPU,CPU,Yes
9.03354E+19,9033539391,1/4/2024,2700041926,96,"1,779.84",0,0,0,65.11,6.59,"1,708.14",18.54,17.79,0,A,3.85,100,"38,338.96","1,476.07",16552,-,CUSTOMER PICKUP DEFAULT SCAC / CPU,CPU,Yes
9.03354E+19,9033539391,1/4/2024,2700050006,112,"2,325.12",328.16,0,0,88.03,8.6,"1,900.33",20.76,16.97,0,A,3.85,100,"38,338.96","1,476.07",16552,-,CUSTOMER PICKUP DEFAULT SCAC / CPU,CPU,Yes
9.03354E+19,9033539391,1/4/2024,4132100625,129,"2,352.96",0,0,0,31.22,8.71,"2,313.03",18.24,17.93,0,A,3.85,100,"38,338.96","1,476.07",16552,-,CUSTOMER PICKUP DEFAULT SCAC / CPU,CPU,Yes
9.03354E+19,9033539391,1/4/2024,4132100655,258,"4,705.92",0,0,0,62.4,17.41,"4,626.11",18.24,17.93,0,A,3.85,100,"38,338.96","1,476.07",16552,-,CUSTOMER PICKUP DEFAULT SCAC / CPU,CPU,Yes
9.03354E+19,9033539391,1/4/2024,4132100721,43,784.32,0,0,0,10.41,2.9,771.01,18.24,17.93,0,A,3.85,100,"38,338.96","1,476.07",16552,-,CUSTOMER PICKUP DEFAULT SCAC / CPU,CPU,Yes
9.03354E+19,9033539391,1/4/2024,4430012169,40,739.2,0,0,0,15.5,2.74,720.96,18.48,18.02,0,A,3.85,100,"38,338.96","1,476.07",16552,-,CUSTOMER PICKUP DEFAULT SCAC / CPU,CPU,Yes
9.03354E+19,9033539391,1/4/2024,4430012513,102,"2,007.36",0,0,0,62.71,7.43,"1,937.22",19.68,18.99,0,A,3.85,100,"38,338.96","1,476.07",16552,-,CUSTOMER PICKUP DEFAULT SCAC / CPU,CPU,Yes
9.03354E+19,9033539391,1/4/2024,5010010902,96,"2,810.88",0,0,0,46.31,10.4,"2,754.17",29.28,28.69,0,A,3.85,100,"38,338.96","1,476.07",16552,-,CUSTOMER PICKUP DEFAULT SCAC / CPU,CPU,Yes
9.03354E+19,9033539391,1/4/2024,5410000055,160,"2,678.40",0,0,0,88.03,9.91,"2,580.46",16.74,16.13,0,A,3.85,100,"38,338.96","1,476.07",16552,-,CUSTOMER PICKUP DEFAULT SCAC / CPU,CPU,Yes
9.03354E+19,9033539391,1/4/2024,5410000265,160,"2,678.40",144,0,0,90.55,9.91,"2,433.94",16.74,15.21,0,A,3.85,100,"38,338.96","1,476.07",16552,-,CUSTOMER PICKUP DEFAULT SCAC / CPU,CPU,Yes
9.03354E+19,9033539391,1/4/2024,5410000360,91,"2,009.28",0,0,0,89.34,7.43,"1,912.51",22.08,21.02,0,A,3.85,100,"38,338.96","1,476.07",16552,-,CUSTOMER PICKUP DEFAULT SCAC / CPU,CPU,Yes
9.03354E+19,9033539391,1/4/2024,5410046000,48,"1,088.64",0,0,0,80.02,4.03,"1,004.59",22.68,20.93,0,A,3.85,100,"38,338.96","1,476.07",16552,-,CUSTOMER PICKUP DEFAULT SCAC / CPU,CPU,Yes
9.03354E+19,9033539391,1/4/2024,5410057642,252,"4,475.52",0,0,0,97.04,16.56,"4,361.92",17.76,17.31,0,A,3.85,100,"38,338.96","1,476.07",16552,-,CUSTOMER PICKUP DEFAULT SCAC / CPU,CPU,Yes
9.03354E+19,9033539391,1/4/2024,6414403021,52,"2,477.28",0,0,0,13.58,9.17,"2,454.53",47.64,47.2,0,A,3.85,100,"38,338.96","1,476.07",16552,-,CUSTOMER PICKUP DEFAULT SCAC / CPU,CPU,Yes
9.03354E+19,9033539391,1/4/2024,6414403031,104,"5,441.28",0,0,0,34.54,20.13,"5,386.61",52.32,51.79,0,A,3.85,100,"38,338.96","1,476.07",16552,-,CUSTOMER PICKUP DEFAULT SCAC / CPU,CPU,Yes
9.03354E+19,9033539391,1/4/2024,6414404808,192,"3,755.52",193.92,0,0,95.13,13.9,"3,452.57",19.56,17.98,0,A,3.85,100,"38,338.96","1,476.07",16552,-,CUSTOMER PICKUP DEFAULT SCAC / CPU,CPU,Yes
9.03354E+19,9033539391,1/4/2024,6414428243,120,"4,924.80",835.2,0,0,83.16,18.22,"3,988.22",41.04,33.24,0,A,3.85,100,"38,338.96","1,476.07",16552,-,CUSTOMER PICKUP DEFAULT SCAC / CPU,CPU,Yes
9.03354E+19,9033539391,1/4/2024,7092047697,28,919.8,0,0,0,14.41,3.4,901.99,32.85,32.21,0,A,3.85,100,"38,338.96","1,476.07",16552,-,CUSTOMER PICKUP DEFAULT SCAC / CPU,CPU,Yes
9.03354E+19,9033539391,1/4/2024,7615001130,140,"2,511.60",0,0,0,44.09,9.29,"2,458.22",17.94,17.56,0,A,3.85,100,"38,338.96","1,476.07",16552,-,CUSTOMER PICKUP DEFAULT SCAC / CPU,CPU,Yes
9.03354E+19,9033539391,1/4/2024,7615023207,105,"2,419.20",0,0,0,33.62,8.95,"2,376.63",23.04,22.63,0,A,3.85,100,"38,338.96","1,476.07",16552,-,CUSTOMER PICKUP DEFAULT SCAC / CPU,CPU,Yes
9.03354E+19,9033539391,1/4/2024,7615023209,105,"1,883.70",0,0,0,33.33,6.97,"1,843.40",17.94,17.56,0,A,3.85,100,"38,338.96","1,476.07",16552,-,CUSTOMER PICKUP DEFAULT SCAC / CPU,CPU,Yes
9.03354E+19,9033539391,1/4/2024,7615023222,105,"1,883.70",0,0,0,33.33,6.97,"1,843.40",17.94,17.56,0,A,3.85,100,"38,338.96","1,476.07",16552,-,CUSTOMER PICKUP DEFAULT SCAC / CPU,CPU,Yes
9.03354E+19,9033539391,1/4/2024,4420900409,45,716.4,64.8,0,0,15.07,2.65,633.88,15.92,14.09,0,A,3.85,100,"38,338.96","1,476.07",16552,-,CUSTOMER PICKUP DEFAULT SCAC / CPU,CPU,Yes
9.03354E+19,9033539391,1/4/2024,4420940594,75,"1,194.00",108,0,0,22.89,4.42,"1,058.69",15.92,14.12,0,A,3.85,100,"38,338.96","1,476.07",16552,-,CUSTOMER PICKUP DEFAULT SCAC / CPU,CPU,Yes
9.03354E+19,9033539391,1/4/2024,4420941190,44,"1,267.20",100.32,0,0,21.86,4.69,"1,140.33",28.8,25.92,0,A,3.85,100,"38,338.96","1,476.07",16552,-,CUSTOMER PICKUP DEFAULT SCAC / CPU,CPU,Yes
9.03354E+19,9033539391,1/4/2024,4420947106,0,0,0,0,0,0,0,0,,,0,A,3.85,100,"38,338.96","1,476.07",16552,-,CUSTOMER PICKUP DEFAULT SCAC / CPU,CPU,Yes
9.03359E+19,9033592975,1/18/2024,2700041918,144,"2,160.00",100.8,0,0,63.2,7.99,"1,988.01",15,13.81,0,A,3.85,100,"39,986.90","1,539.50",25547,-,CUSTOMER PICKUP DEFAULT SCAC / CPU,CPU,Yes
9.03359E+19,9033592975,1/18/2024,2700041926,96,"1,779.84",0,0,0,65.11,6.59,"1,708.14",18.54,17.79,0,A,3.85,100,"39,986.90","1,539.50",25547,-,CUSTOMER PICKUP DEFAULT SCAC / CPU,CPU,Yes
9.03359E+19,9033592975,1/18/2024,2700041981,63,"1,234.80",0,0,0,44.97,4.57,"1,185.26",19.6,18.81,0,A,3.85,100,"39,986.90","1,539.50",25547,-,CUSTOMER PICKUP DEFAULT SCAC / CPU,CPU,Yes
9.03359E+19,9033592975,1/18/2024,2700044212,88,"3,336.96",369.6,0,0,86.55,12.35,"2,868.46",37.92,32.6,0,A,3.85,100,"39,986.90","1,539.50",25547,-,CUSTOMER PICKUP DEFAULT SCAC / CPU,CPU,Yes
9.03359E+19,9033592975,1/18/2024,2700050007,112,"2,325.12",328.16,0,0,88.03,8.6,"1,900.33",20.76,16.97,0,A,3.85,100,"39,986.90","1,539.50",25547,-,CUSTOMER PICKUP DEFAULT SCAC / CPU,CPU,Yes
9.03359E+19,9033592975,1/18/2024,2700050014,112,"2,325.12",328.16,0,0,88.03,8.6,"1,900.33",20.76,16.97,0,A,3.85,100,"39,986.90","1,539.50",25547,-,CUSTOMER PICKUP DEFAULT SCAC / CPU,CPU,Yes
9.03359E+19,9033592975,1/18/2024,2700050015,112,"3,198.72",67.2,0,0,88.03,11.84,"3,031.65",28.56,27.07,0,A,3.85,100,"39,986.90","1,539.50",25547,-,CUSTOMER PICKUP DEFAULT SCAC / CPU,CPU,Yes
9.03359E+19,9033592975,1/18/2024,4132100620,120,"4,377.60",0,0,0,62.74,16.2,"4,298.66",36.48,35.82,0,A,3.85,100,"39,986.90","1,539.50",25547,-,CUSTOMER PICKUP DEFAULT SCAC / CPU,CPU,Yes
9.03359E+19,9033592975,1/18/2024,4132100724,43,784.32,0,0,0,10.41,2.9,771.01,18.24,17.93,0,A,3.85,100,"39,986.90","1,539.50",25547,-,CUSTOMER PICKUP DEFAULT SCAC / CPU,CPU,Yes
9.03359E+19,9033592975,1/18/2024,4132101541,43,784.32,0,0,0,10.41,2.9,771.01,18.24,17.93,0,A,3.85,100,"39,986.90","1,539.50",25547,-,CUSTOMER PICKUP DEFAULT SCAC / CPU,CPU,Yes
9.03359E+19,9033592975,1/18/2024,4690074001,105,"1,512.00",0,0,0,51.63,5.59,"1,454.78",14.4,13.86,0,A,3.85,100,"39,986.90","1,539.50",25547,-,CUSTOMER PICKUP DEFAULT SCAC / CPU,CPU,Yes
9.03359E+19,9033592975,1/18/2024,5010040260,80,"2,188.80",0,0,0,40.27,8.1,"2,140.43",27.36,26.76,0,A,3.85,100,"39,986.90","1,539.50",25547,-,CUSTOMER PICKUP DEFAULT SCAC / CPU,CPU,Yes
9.03359E+19,9033592975,1/18/2024,5010040262,48,"1,313.28",0,0,0,23.87,4.86,"1,284.55",27.36,26.76,0,A,3.85,100,"39,986.90","1,539.50",25547,-,CUSTOMER PICKUP DEFAULT SCAC / CPU,CPU,Yes
9.03359E+19,9033592975,1/18/2024,5200002027,96,"2,511.36",259.2,0,0,94.57,9.29,"2,148.30",26.16,22.38,0,A,3.85,100,"39,986.90","1,539.50",25547,-,CUSTOMER PICKUP DEFAULT SCAC / CPU,CPU,Yes
9.03359E+19,9033592975,1/18/2024,5410000064,80,"1,339.20",72,0,0,45.28,4.96,"1,216.96",16.74,15.21,0,A,3.85,100,"39,986.90","1,539.50",25547,-,CUSTOMER PICKUP DEFAULT SCAC / CPU,CPU,Yes
9.03359E+19,9033592975,1/18/2024,5410000265,160,"2,678.40",144,0,0,90.55,9.91,"2,433.94",16.74,15.21,0,A,3.85,100,"39,986.90","1,539.50",25547,-,CUSTOMER PICKUP DEFAULT SCAC / CPU,CPU,Yes
9.03359E+19,9033592975,1/18/2024,5410000360,91,"2,009.28",0,0,0,89.34,7.43,"1,912.51",22.08,21.02,0,A,3.85,100,"39,986.90","1,539.50",25547,-,CUSTOMER PICKUP DEFAULT SCAC / CPU,CPU,Yes
9.03359E+19,9033592975,1/18/2024,5410002901,192,"3,801.60",0,0,0,92.03,14.07,"3,695.50",19.8,19.25,0,A,3.85,100,"39,986.90","1,539.50",25547,-,CUSTOMER PICKUP DEFAULT SCAC / CPU,CPU,Yes
9.03359E+19,9033592975,1/18/2024,5410002903,192,"4,400.64",0,0,0,92.03,16.28,"4,292.33",22.92,22.36,0,A,3.85,100,"39,986.90","1,539.50",25547,-,CUSTOMER PICKUP DEFAULT SCAC / CPU,CPU,Yes
9.03359E+19,9033592975,1/18/2024,5410011722,40,669.6,36,0,0,22.53,2.48,608.59,16.74,15.21,0,A,3.85,100,"39,986.90","1,539.50",25547,-,CUSTOMER PICKUP DEFAULT SCAC / CPU,CPU,Yes
9.03359E+19,9033592975,1/18/2024,5410093602,130,"3,619.20",0,0,0,43.47,13.39,"3,562.34",27.84,27.4,0,A,3.85,100,"39,986.90","1,539.50",25547,-,CUSTOMER PICKUP DEFAULT SCAC / CPU,CPU,Yes
9.03359E+19,9033592975,1/18/2024,6414428243,240,"9,849.60","1,670.40",0,0,166.32,36.44,"7,976.44",41.04,33.24,0,A,3.85,100,"39,986.90","1,539.50",25547,-,CUSTOMER PICKUP DEFAULT SCAC / CPU,CPU,Yes
9.03359E+19,9033592975,1/18/2024,7092047634,40,"1,118.40",0,0,0,15.45,4.14,"1,098.81",27.96,27.47,0,A,3.85,100,"39,986.90","1,539.50",25547,-,CUSTOMER PICKUP DEFAULT SCAC / CPU,CPU,Yes
9.03359E+19,9033592975,1/18/2024,7615001157,21,376.74,0,0,0,6.54,1.39,368.81,17.94,17.56,0,A,3.85,100,"39,986.90","1,539.50",25547,-,CUSTOMER PICKUP DEFAULT SCAC / CPU,CPU,Yes
9.03359E+19,9033592975,1/18/2024,7615023216,105,"2,419.20",0,0,0,33.62,8.95,"2,376.63",23.04,22.63,0,A,3.85,100,"39,986.90","1,539.50",25547,-,CUSTOMER PICKUP DEFAULT SCAC / CPU,CPU,Yes
9.03359E+19,9033592975,1/18/2024,1878001265,60,"1,778.40",0,0,0,12.41,6.58,"1,759.41",29.64,29.32,0,A,3.85,100,"39,986.90","1,539.50",25547,-,CUSTOMER PICKUP DEFAULT SCAC / CPU,CPU,Yes
9.03359E+19,9033592975,1/18/2024,1878001503,40,"1,185.60",0,0,0,7.77,4.39,"1,173.44",29.64,29.34,0,A,3.85,100,"39,986.90","1,539.50",25547,-,CUSTOMER PICKUP DEFAULT SCAC / CPU,CPU,Yes
9.03359E+19,9033592975,1/18/2024,9277300069,20,592.8,0,0,0,4.34,2.19,586.27,29.64,29.31,0,A,3.85,100,"39,986.90","1,539.50",25547,-,CUSTOMER PICKUP DEFAULT SCAC / CPU,CPU,Yes
9.0324E+19,9032401781,3/1/2023,4420940598,15,238.8,0,0,0,0,0.88,237.92,15.92,15.86,0,A,0,0,"18,048.67",476.48,20036174,-,CUSTOMER PICKUP DEFAULT SCAC / CPU,CPU,Yes
9.0324E+19,9032401781,3/1/2023,4420940592,15,238.8,0,0,0,0,0.88,237.92,15.92,15.86,0,A,0,0,"18,048.67",476.48,20036174,-,CUSTOMER PICKUP DEFAULT SCAC / CPU,CPU,Yes
9.0324E+19,9032401781,3/1/2023,3900008669,0,0,0,0,0,0,0,0,,,0,A,0,0,"18,048.67",476.48,20036174,-,CUSTOMER PICKUP DEFAULT SCAC / CPU,CPU,Yes
9.0324E+19,9032401781,3/1/2023,2700038964,120,"1,742.40",0,0,0,0,6.45,"1,735.95",14.52,14.47,0,A,0,0,"18,048.67",476.48,20036174,-,CUSTOMER PICKUP DEFAULT SCAC / CPU,CPU,Yes
9.0324E+19,9032401781,3/1/2023,5410000150,24,"1,002.24",0,0,0,0,3.71,998.53,41.76,41.61,0,A,0,0,"18,048.67",476.48,20036174,-,CUSTOMER PICKUP DEFAULT SCAC / CPU,CPU,Yes
9.0324E+19,9032401781,3/1/2023,7615009020,52,"1,628.64",0,0,0,0,6.03,"1,622.61",31.32,31.2,0,A,0,0,"18,048.67",476.48,20036174,-,CUSTOMER PICKUP DEFAULT SCAC / CPU,CPU,Yes
9.0324E+19,9032401781,3/1/2023,6414410630,40,"1,036.80",0,0,0,0,3.84,"1,032.96",25.92,25.82,0,A,0,0,"18,048.67",476.48,20036174,-,CUSTOMER PICKUP DEFAULT SCAC / CPU,CPU,Yes
9.0324E+19,9032401781,3/1/2023,4420930750,264,"6,494.40",0,0,0,0,24.03,"6,470.37",24.6,24.51,0,A,0,0,"18,048.67",476.48,20036174,-,CUSTOMER PICKUP DEFAULT SCAC / CPU,CPU,Yes
9.0324E+19,9032401781,3/1/2023,1490044137,228,"15,759.36",0,0,0,0,58.31,"15,701.05",69.12,68.86,0,A,0,0,"18,048.67",476.48,20036174,-,CUSTOMER PICKUP DEFAULT SCAC / CPU,CPU,Yes
9.0324E+19,9032401781,3/1/2023,5410000582,28,468.72,0,0,0,0,1.73,466.99,16.74,16.68,0,A,0,0,"18,048.67",476.48,20036174,-,CUSTOMER PICKUP DEFAULT SCAC / CPU,CPU,Yes
9.0324E+19,9032401781,3/1/2023,2700037244,42,"1,481.76",0,0,0,0,5.48,"1,476.28",35.28,35.15,0,A,0,0,"18,048.67",476.48,20036174,-,CUSTOMER PICKUP DEFAULT SCAC / CPU,CPU,Yes
9.0324E+19,9032401781,3/1/2023,4420929047,24,964.8,0,0,0,0,3.57,961.23,40.2,40.05,0,A,0,0,"18,048.67",476.48,20036174,-,CUSTOMER PICKUP DEFAULT SCAC / CPU,CPU,Yes
9.0324E+19,9032401781,3/1/2023,1490036314,108,"4,639.68",0,0,0,0,17.17,"4,622.51",42.96,42.8,0,A,0,0,"18,048.67",476.48,20036174,-,CUSTOMER PICKUP DEFAULT SCAC / CPU,CPU,Yes
9.03253E+19,9032528293,4/4/2023,7615023209,105,"1,883.70",0,0,0,0,6.97,"1,876.73",17.94,17.87,0,A,0,0,"23,573.50",622.35,20038129,-,CUSTOMER PICKUP DEFAULT SCAC / CPU,CPU,Yes
9.03253E+19,9032528293,4/4/2023,7615023222,105,"1,883.70",0,0,0,0,6.97,"1,876.73",17.94,17.87,0,A,0,0,"23,573.50",622.35,20038129,-,CUSTOMER PICKUP DEFAULT SCAC / CPU,CPU,Yes
9.03253E+19,9032528293,4/4/2023,5410001310,80,"1,339.20",0,0,0,0,4.96,"1,334.24",16.74,16.68,0,A,0,0,"23,573.50",622.35,20038129,-,CUSTOMER PICKUP DEFAULT SCAC / CPU,CPU,Yes
9.03253E+19,9032528293,4/4/2023,5200001113,36,"1,360.80",0,0,0,0,5.03,"1,355.77",37.8,37.66,0,A,0,0,"23,573.50",622.35,20038129,-,CUSTOMER PICKUP DEFAULT SCAC / CPU,CPU,Yes
9.03253E+19,9032528293,4/4/2023,2700037241,21,653.94,0,0,0,0,2.42,651.52,31.14,31.02,0,A,0,0,"23,573.50",622.35,20038129,-,CUSTOMER PICKUP DEFAULT SCAC / CPU,CPU,Yes
9.03253E+19,9032528293,4/4/2023,3900008104,19,"2,188.80",0,0,0,0,8.1,"2,180.70",115.2,114.77,0,A,0,0,"23,573.50",622.35,20038129,-,CUSTOMER PICKUP DEFAULT SCAC / CPU,CPU,Yes
9.03253E+19,9032528293,4/4/2023,2620000710,27,923.4,0,0,0,0,3.42,919.98,34.2,34.07,0,A,0,0,"23,573.50",622.35,20038129,-,CUSTOMER PICKUP DEFAULT SCAC / CPU,CPU,Yes
9.03253E+19,9032528293,4/4/2023,7615023211,105,"1,883.70",0,0,0,0,6.97,"1,876.73",17.94,17.87,0,A,0,0,"23,573.50",622.35,20038129,-,CUSTOMER PICKUP DEFAULT SCAC / CPU,CPU,Yes
9.03253E+19,9032528293,4/4/2023,4420940594,15,238.8,0,0,0,0,0.88,237.92,15.92,15.86,0,A,0,0,"23,573.50",622.35,20038129,-,CUSTOMER PICKUP DEFAULT SCAC / CPU,CPU,Yes
9.03253E+19,9032528293,4/4/2023,4420941295,22,633.6,0,0,0,0,2.34,631.26,28.8,28.69,0,A,0,0,"23,573.50",622.35,20038129,-,CUSTOMER PICKUP DEFAULT SCAC / CPU,CPU,Yes
9.03253E+19,9032528293,4/4/2023,7615023252,105,"1,883.70",0,0,0,0,6.97,"1,876.73",17.94,17.87,0,A,0,0,"23,573.50",622.35,20038129,-,CUSTOMER PICKUP DEFAULT SCAC / CPU,CPU,Yes
9.03253E+19,9032528293,4/4/2023,4125543072,28,934.08,0,0,0,0,3.46,930.62,33.36,33.24,0,A,0,0,"23,573.50",622.35,20038129,-,CUSTOMER PICKUP DEFAULT SCAC / CPU,CPU,Yes
9.03253E+19,9032528293,4/4/2023,6414410631,80,"2,073.60",0,0,0,0,7.67,"2,065.93",25.92,25.82,0,A,0,0,"23,573.50",622.35,20038129,-,CUSTOMER PICKUP DEFAULT SCAC / CPU,CPU,Yes
9.03253E+19,9032528293,4/4/2023,4300000037,30,"1,281.60",0,0,0,0,4.74,"1,276.86",42.72,42.56,0,A,0,0,"23,573.50",622.35,20038129,-,CUSTOMER PICKUP DEFAULT SCAC / CPU,CPU,Yes
9.03253E+19,9032528293,4/4/2023,2700085250,16,276.48,0,0,0,0,1.02,275.46,17.28,17.22,0,A,0,0,"23,573.50",622.35,20038129,-,CUSTOMER PICKUP DEFAULT SCAC / CPU,CPU,Yes
9.03253E+19,9032528293,4/4/2023,2620077201,28,672,0,0,0,0,2.49,669.51,24,23.91,0,A,0,0,"23,573.50",622.35,20038129,-,CUSTOMER PICKUP DEFAULT SCAC / CPU,CPU,Yes
9.03253E+19,9032528293,4/4/2023,4132100521,33,665.28,0,0,0,0,2.46,662.82,20.16,20.09,0,A,0,0,"23,573.50",622.35,20038129,-,CUSTOMER PICKUP DEFAULT SCAC / CPU,CPU,Yes
9.03253E+19,9032528293,4/4/2023,6414428243,120,"4,492.80",0,0,0,0,16.62,"4,476.18",37.44,37.3,0,A,0,0,"23,573.50",622.35,20038129,-,CUSTOMER PICKUP DEFAULT SCAC / CPU,CPU,Yes
9.03253E+19,9032528293,4/4/2023,6414410626,108,"1,244.16",0,0,0,0,4.6,"1,239.56",11.52,11.48,0,A,0,0,"23,573.50",622.35,20038129,-,CUSTOMER PICKUP DEFAULT SCAC / CPU,CPU,Yes
9.03253E+19,9032528293,4/4/2023,5410001870,68,"1,379.04",0,0,0,0,5.1,"1,373.94",20.28,20.21,0,A,0,0,"23,573.50",622.35,20038129,-,CUSTOMER PICKUP DEFAULT SCAC / CPU,CPU,Yes
9.03253E+19,9032528293,4/4/2023,7092047636,20,559.2,0,0,0,0,2.07,557.13,27.96,27.86,0,A,0,0,"23,573.50",622.35,20038129,-,CUSTOMER PICKUP DEFAULT SCAC / CPU,CPU,Yes
9.03253E+19,9032528293,4/4/2023,4420930112,30,831.6,0,0,0,0,3.08,828.52,27.72,27.62,0,A,0,0,"23,573.50",622.35,20038129,-,CUSTOMER PICKUP DEFAULT SCAC / CPU,CPU,Yes
9.03253E+19,9032528293,4/4/2023,4132100645,86,"1,568.64",0,0,0,0,5.8,"1,562.84",18.24,18.17,0,A,0,0,"23,573.50",622.35,20038129,-,CUSTOMER PICKUP DEFAULT SCAC / CPU,CPU,Yes
9.03253E+19,9032528293,4/4/2023,5410000035,104,"1,834.56",0,0,0,0,6.79,"1,827.77",17.64,17.57,0,A,0,0,"23,573.50",622.35,20038129,-,CUSTOMER PICKUP DEFAULT SCAC / CPU,CPU,Yes
9.03253E+19,9032528293,4/4/2023,4420933250,20,624,0,0,0,0,2.31,621.69,31.2,31.08,0,A,0,0,"23,573.50",622.35,20038129,-,CUSTOMER PICKUP DEFAULT SCAC / CPU,CPU,Yes
9.03253E+19,9032528293,4/4/2023,6414410630,40,"1,036.80",0,0,0,0,3.84,"1,032.96",25.92,25.82,0,A,0,0,"23,573.50",622.35,20038129,-,CUSTOMER PICKUP DEFAULT SCAC / CPU,CPU,Yes
9.03253E+19,9032528293,4/4/2023,3900008668,300,"12,672.00",0,0,0,0,46.89,"12,625.11",42.24,42.08,0,A,0,0,"23,573.50",622.35,20038129,-,CUSTOMER PICKUP DEFAULT SCAC / CPU,CPU,Yes
9.03218E+19,9032180500,12/28/2022,7092047654,29,"35,867.20","3,387.20",0,0,0,46.63,"32,433.37","1,236.80","1,118.39",0,A,0,0,"22,271.83",493.58,9601220410,-,CH ROBINSON WORLDWIDE INC TRUCKLOAD / Motor,Ship,Yes
9.03285E+19,9032852078,7/5/2023,2620046183,108,"1,749.60",38.88,0,0,0,9.62,"1,701.10",16.2,15.75,0,A,0,0,"30,795.82",766.82,48435,-,CUSTOMER PICKUP DEFAULT SCAC / CPU,CPU,Yes
9.03285E+19,9032852078,7/5/2023,4430010722,176,"3,505.92",971.52,0,0,0,19.28,"2,515.12",19.92,14.29,0,A,0,0,"30,795.82",766.82,48435,-,CUSTOMER PICKUP DEFAULT SCAC / CPU,CPU,Yes
9.03285E+19,9032852078,7/5/2023,4125543084,60,"2,102.40",0,0,0,0,11.56,"2,090.84",35.04,34.85,0,A,0,0,"30,795.82",766.82,48435,-,CUSTOMER PICKUP DEFAULT SCAC / CPU,CPU,Yes
9.03285E+19,9032852078,7/5/2023,4125543095,60,"1,632.00",0,0,0,0,8.98,"1,623.02",27.2,27.05,0,A,0,0,"30,795.82",766.82,48435,-,CUSTOMER PICKUP DEFAULT SCAC / CPU,CPU,Yes
9.03285E+19,9032852078,7/5/2023,4125583628,150,"4,608.00",888,0,0,0,25.34,"3,694.66",30.72,24.63,0,A,0,0,"30,795.82",766.82,48435,-,CUSTOMER PICKUP DEFAULT SCAC / CPU,CPU,Yes
9.03285E+19,9032852078,7/5/2023,4430010632,0,0,0,0,0,0,,0,,,0,A,0,0,"30,795.82",766.82,48435,-,CUSTOMER PICKUP DEFAULT SCAC / CPU,CPU,Yes
9.03285E+19,9032852078,7/5/2023,5410000035,64,"1,128.96",0,0,0,0,6.21,"1,122.75",17.64,17.54,0,A,0,0,"30,795.82",766.82,48435,-,CUSTOMER PICKUP DEFAULT SCAC / CPU,CPU,Yes
9.03285E+19,9032852078,7/5/2023,5410000064,80,"1,339.20",441.6,0,0,0,7.37,890.23,16.74,11.13,0,A,0,0,"30,795.82",766.82,48435,-,CUSTOMER PICKUP DEFAULT SCAC / CPU,CPU,Yes
9.03285E+19,9032852078,7/5/2023,5410000065,60,"1,004.40",331.2,0,0,0,5.52,667.68,16.74,11.13,0,A,0,0,"30,795.82",766.82,48435,-,CUSTOMER PICKUP DEFAULT SCAC / CPU,CPU,Yes
9.03285E+19,9032852078,7/5/2023,5410000582,252,"4,218.48",0,0,0,0,23.2,"4,195.28",16.74,16.65,0,A,0,0,"30,795.82",766.82,48435,-,CUSTOMER PICKUP DEFAULT SCAC / CPU,CPU,Yes
9.03285E+19,9032852078,7/5/2023,5410001110,126,"4,672.08",0,0,0,0,25.7,"4,646.38",37.08,36.88,0,A,0,0,"30,795.82",766.82,48435,-,CUSTOMER PICKUP DEFAULT SCAC / CPU,CPU,Yes
9.03285E+19,9032852078,7/5/2023,5410001822,246,"3,325.92","1,279.20",0,0,0,18.29,"2,028.43",13.52,8.25,0,A,0,0,"30,795.82",766.82,48435,-,CUSTOMER PICKUP DEFAULT SCAC / CPU,CPU,Yes
9.03285E+19,9032852078,7/5/2023,5410002903,192,"4,400.64",0,0,0,0,24.2,"4,376.44",22.92,22.79,0,A,0,0,"30,795.82",766.82,48435,-,CUSTOMER PICKUP DEFAULT SCAC / CPU,CPU,Yes
9.03285E+19,9032852078,7/5/2023,6414403021,260,"12,386.40","2,277.60",0,0,0,68.13,"10,040.67",47.64,38.62,0,A,0,0,"30,795.82",766.82,48435,-,CUSTOMER PICKUP DEFAULT SCAC / CPU,CPU,Yes
9.03285E+19,9032852078,7/5/2023,6414403031,208,"10,882.56","1,946.88",0,0,0,59.85,"8,875.83",52.32,42.67,0,A,0,0,"30,795.82",766.82,48435,-,CUSTOMER PICKUP DEFAULT SCAC / CPU,CPU,Yes
9.03285E+19,9032852078,7/5/2023,4420941085,132,"3,801.60","1,488.96",0,0,0,20.91,"2,291.73",28.8,17.36,0,A,0,0,"30,795.82",766.82,48435,-,CUSTOMER PICKUP DEFAULT SCAC / CPU,CPU,Yes
9.03285E+19,9032852078,7/5/2023,4420947107,0,0,0,0,0,0,0,0,,,0,A,0,0,"30,795.82",766.82,48435,-,CUSTOMER PICKUP DEFAULT SCAC / CPU,CPU,Yes
9.03285E+19,9032852078,7/5/2023,1878001026,80,"1,244.80",89.6,0,0,0,6.85,"1,148.35",15.56,14.35,0,A,0,0,"30,795.82",766.82,48435,-,CUSTOMER PICKUP DEFAULT SCAC / CPU,CPU,Yes
9.03285E+19,9032852078,7/5/2023,2700041924,96,"1,779.84",282.24,0,0,0,9.79,"1,487.81",18.54,15.5,0,A,0,0,"30,795.82",766.82,48435,-,CUSTOMER PICKUP DEFAULT SCAC / CPU,CPU,Yes
9.03285E+19,9032852078,7/5/2023,4430010622,88,"3,505.92",971.52,0,0,0,19.28,"2,515.12",39.84,28.58,0,A,0,0,"30,795.82",766.82,48435,-,CUSTOMER PICKUP DEFAULT SCAC / CPU,CPU,Yes
9.03285E+19,9032852078,7/5/2023,6414403316,130,"6,193.20","1,138.80",0,0,0,34.06,"5,020.34",47.64,38.62,0,A,0,0,"30,795.82",766.82,48435,-,CUSTOMER PICKUP DEFAULT SCAC / CPU,CPU,Yes
9.03285E+19,9032852078,7/5/2023,7092047634,80,"2,236.80",0,0,0,0,12.3,"2,224.50",27.96,27.81,0,A,0,0,"30,795.82",766.82,48435,-,CUSTOMER PICKUP DEFAULT SCAC / CPU,CPU,Yes
9.03285E+19,9032852078,7/5/2023,1878001698,120,"1,778.40",93.6,0,0,0,9.78,"1,675.02",14.82,13.96,0,A,0,0,"30,795.82",766.82,48435,-,CUSTOMER PICKUP DEFAULT SCAC / CPU,CPU,Yes
9.03285E+19,9032852078,7/5/2023,1878001700,120,"1,778.40",93.6,0,0,0,9.78,"1,675.02",14.82,13.96,0,A,0,0,"30,795.82",766.82,48435,-,CUSTOMER PICKUP DEFAULT SCAC / CPU,CPU,Yes
9.03285E+19,9032852078,7/5/2023,1878001701,150,"2,223.00",117,0,0,0,12.23,"2,093.77",14.82,13.96,0,A,0,0,"30,795.82",766.82,48435,-,CUSTOMER PICKUP DEFAULT SCAC / CPU,CPU,Yes
9.03351E+19,9033513225,12/27/2023,4430010909,44,"24,541.44","6,800.64",0,0,0,134.98,"17,605.82",557.76,400.13,0,A,0,0,"18,856.20",162.16,69351,-,CUSTOMER PICKUP DEFAULT SCAC / CPU,CPU,Yes
9.03304E+19,9033038679,8/25/2023,9899780744,90,"2,426.40",239.4,0,0,0,9.71,"2,177.29",26.96,24.19,0,A,0,0,"5,163.23",0,209444,-,FFE TRANSPORTATION SERVICES INC LTL / Less Than,Ship,Yes
9.03304E+19,9033038679,8/25/2023,9899780905,98,"3,010.56",511.56,0,0,0,12.04,"2,486.96",30.72,25.38,0,A,0,0,"5,163.23",0,209444,-,FFE TRANSPORTATION SERVICES INC LTL / Less Than,Ship,Yes
9.03304E+19,9033038679,8/25/2023,9899780907,56,"1,720.32",292.32,0,0,0,6.88,"1,421.12",30.72,25.38,0,A,0,0,"5,163.23",0,209444,-,FFE TRANSPORTATION SERVICES INC LTL / Less Than,Ship,Yes
9.03304E+19,9033038679,8/25/2023,9899780913,150,"3,744.00",379.5,0,0,0,14.98,"3,349.52",24.96,22.33,0,A,0,0,"5,163.23",0,209444,-,FFE TRANSPORTATION SERVICES INC LTL / Less Than,Ship,Yes
9.03304E+19,9033038679,8/25/2023,9899780932,18,370.44,29.16,0,0,0,1.48,339.8,20.58,18.88,0,A,0,0,"5,163.23",0,209444,-,FFE TRANSPORTATION SERVICES INC LTL / Less Than,Ship,Yes
9.03304E+19,9033038679,8/25/2023,9899781022,65,"2,051.40",336.05,0,0,0,8.21,"1,707.14",31.56,26.26,0,A,0,0,"5,163.23",0,209444,-,FFE TRANSPORTATION SERVICES INC LTL / Less Than,Ship,Yes
9.03304E+19,9033038679,8/25/2023,4223400098,90,"2,592.00",214.2,0,0,0,10.37,"2,367.43",28.8,26.3,0,A,0,0,"5,163.23",0,209444,-,FFE TRANSPORTATION SERVICES INC LTL / Less Than,Ship,Yes
9.03304E+19,9033038679,8/25/2023,4223400232,90,"3,510.00",523.8,0,0,0,14.04,"2,972.16",39,33.02,0,A,0,0,"5,163.23",0,209444,-,FFE TRANSPORTATION SERVICES INC LTL / Less Than,Ship,Yes
9.03304E+19,9033038679,8/25/2023,4223400234,54,"2,106.00",314.28,0,0,0,8.42,"1,783.30",39,33.02,0,A,0,0,"5,163.23",0,209444,-,FFE TRANSPORTATION SERVICES INC LTL / Less Than,Ship,Yes
9.03304E+19,9033038679,8/25/2023,4223400247,40,"1,010.40",296.8,0,0,0,4.04,709.56,25.26,17.74,0,A,0,0,"5,163.23",0,209444,-,FFE TRANSPORTATION SERVICES INC LTL / Less Than,Ship,Yes
9.03304E+19,9033038679,8/25/2023,4223400248,20,505.2,148.4,0,0,0,2.02,354.78,25.26,17.74,0,A,0,0,"5,163.23",0,209444,-,FFE TRANSPORTATION SERVICES INC LTL / Less Than,Ship,Yes
9.03304E+19,9033038679,8/25/2023,4223400249,40,"1,560.00",232.8,0,0,0,6.24,"1,320.96",39,33.02,0,A,0,0,"5,163.23",0,209444,-,FFE TRANSPORTATION SERVICES INC LTL / Less Than,Ship,Yes
9.03304E+19,9033038679,8/25/2023,4223400719,20,780,116.4,0,0,0,3.12,660.48,39,33.02,0,A,0,0,"5,163.23",0,209444,-,FFE TRANSPORTATION SERVICES INC LTL / Less Than,Ship,Yes
9.03222E+19,9032222849,1/10/2023,6414428243,120,"4,492.80",259.2,0,0,0,16.62,"4,216.98",37.44,35.14,0,A,0,0,"22,835.24",497.8,L429396-01,-,CUSTOMER PICKUP DEFAULT SCAC / CPU,CPU,Yes
9.03222E+19,9032222849,1/10/2023,2700038040,96,"3,939.84",184.32,0,0,0,14.58,"3,740.94",41.04,38.97,0,A,0,0,"22,835.24",497.8,L429396-01,-,CUSTOMER PICKUP DEFAULT SCAC / CPU,CPU,Yes
9.03222E+19,9032222849,1/10/2023,2700037896,192,"3,939.84",184.32,0,0,0,14.58,"3,740.94",20.52,19.48,0,A,0,0,"22,835.24",497.8,L429396-01,-,CUSTOMER PICKUP DEFAULT SCAC / CPU,CPU,Yes
9.03222E+19,9032222849,1/10/2023,2700039014,88,"3,041.28",253.44,0,0,0,11.25,"2,776.59",34.56,31.55,0,A,0,0,"22,835.24",497.8,L429396-01,-,CUSTOMER PICKUP DEFAULT SCAC / CPU,CPU,Yes
9.03222E+19,9032222849,1/10/2023,6414428263,120,"4,492.80",259.2,0,0,0,16.62,"4,216.98",37.44,35.14,0,A,0,0,"22,835.24",497.8,L429396-01,-,CUSTOMER PICKUP DEFAULT SCAC / CPU,CPU,Yes
9.03222E+19,9032222849,1/10/2023,6414432286,0,0,0,0,0,0,0,0,,,0,A,0,0,"22,835.24",497.8,L429396-01,-,CUSTOMER PICKUP DEFAULT SCAC / CPU,CPU,Yes
9.03222E+19,9032222849,1/10/2023,2700041903,72,"1,080.00",224.64,0,0,0,4,851.36,15,11.82,0,A,0,0,"22,835.24",497.8,L429396-01,-,CUSTOMER PICKUP DEFAULT SCAC / CPU,CPU,Yes
9.03222E+19,9032222849,1/10/2023,2700041905,72,"1,080.00",224.64,0,0,0,4,851.36,15,11.82,0,A,0,0,"22,835.24",497.8,L429396-01,-,CUSTOMER PICKUP DEFAULT SCAC / CPU,CPU,Yes
9.03222E+19,9032222849,1/10/2023,2700037241,210,"6,539.40",163.8,0,0,0,24.2,"6,351.40",31.14,30.24,0,A,0,0,"22,835.24",497.8,L429396-01,-,CUSTOMER PICKUP DEFAULT SCAC / CPU,CPU,Yes
9.03222E+19,9032222849,1/10/2023,2700052386,70,"2,179.80",54.6,0,0,0,8.07,"2,117.13",31.14,30.24,0,A,0,0,"22,835.24",497.8,L429396-01,-,CUSTOMER PICKUP DEFAULT SCAC / CPU,CPU,Yes
9.03222E+19,9032222849,1/10/2023,2700062318,70,"2,179.80",54.6,0,0,0,8.07,"2,117.13",31.14,30.24,0,A,0,0,"22,835.24",497.8,L429396-01,-,CUSTOMER PICKUP DEFAULT SCAC / CPU,CPU,Yes
9.03222E+19,9032222849,1/10/2023,2700062317,70,"2,179.80",54.6,0,0,0,8.07,"2,117.13",31.14,30.24,0,A,0,0,"22,835.24",497.8,L429396-01,-,CUSTOMER PICKUP DEFAULT SCAC / CPU,CPU,Yes
9.03222E+19,9032222849,1/10/2023,6414460245,80,"2,438.40",0,0,0,0,9.02,"2,429.38",30.48,30.37,0,A,0,0,"22,835.24",497.8,L429396-01,-,CUSTOMER PICKUP DEFAULT SCAC / CPU,CPU,Yes
9.03222E+19,9032222849,1/10/2023,6414428304,240,"4,492.80",259.2,0,0,0,16.62,"4,216.98",18.72,17.57,0,A,0,0,"22,835.24",497.8,L429396-01,-,CUSTOMER PICKUP DEFAULT SCAC / CPU,CPU,Yes
9.03222E+19,9032222849,1/10/2023,3100067060,0,0,0,0,0,0,0,0,,,0,A,0,0,"22,835.24",497.8,L429396-01,-,CUSTOMER PICKUP DEFAULT SCAC / CPU,CPU,Yes
9.03222E+19,9032222849,1/10/2023,4430012090,32,631.68,0,0,0,0,2.34,629.34,19.74,19.67,0,A,0,0,"22,835.24",497.8,L429396-01,-,CUSTOMER PICKUP DEFAULT SCAC / CPU,CPU,Yes
9.03222E+19,9032222849,1/10/2023,6414400983,64,"1,935.36",92.16,0,0,0,7.16,"1,836.04",30.24,28.69,0,A,0,0,"22,835.24",497.8,L429396-01,-,CUSTOMER PICKUP DEFAULT SCAC / CPU,CPU,Yes
9.03222E+19,9032222849,1/10/2023,2700000255,96,"1,969.92",92.16,0,0,0,7.29,"1,870.47",20.52,19.48,0,A,0,0,"22,835.24",497.8,L429396-01,-,CUSTOMER PICKUP DEFAULT SCAC / CPU,CPU,Yes
9.03224E+19,9032236663,1/13/2023,4132100675,258,"4,705.92",,0,0,0,17.41,"4,688.51",18.24,18.17,0,A,0,0,"21,415.00",466.84,L432342-01,-,CUSTOMER PICKUP DEFAULT SCAC / CPU,CPU,Yes
9.03224E+19,9032236663,1/13/2023,5410000265,160,"2,678.40",,0,0,0,9.91,"2,668.49",16.74,16.68,0,A,0,0,"21,415.00",466.84,L432342-01,-,CUSTOMER PICKUP DEFAULT SCAC / CPU,CPU,Yes
9.03224E+19,9032236663,1/13/2023,4420929024,60,"2,412.00",259.2,0,0,0,8.92,"2,143.88",40.2,35.73,0,A,0,0,"21,415.00",466.84,L432342-01,-,CUSTOMER PICKUP DEFAULT SCAC / CPU,CPU,Yes
9.03224E+19,9032236663,1/13/2023,4420979129,120,"4,824.00",518.4,0,0,0,17.85,"4,287.75",40.2,35.73,0,A,0,0,"21,415.00",466.84,L432342-01,-,CUSTOMER PICKUP DEFAULT SCAC / CPU,CPU,Yes
9.03224E+19,9032236663,1/13/2023,4420941135,528,"15,206.40","2,471.04",0,0,0,56.26,"12,679.10",28.8,24.01,0,A,0,0,"21,415.00",466.84,L432342-01,-,CUSTOMER PICKUP DEFAULT SCAC / CPU,CPU,Yes
9.03224E+19,9032236663,1/13/2023,5410083142,0,0,0,0,0,0,0,0,,,0,A,0,0,"21,415.00",466.84,L432342-01,-,CUSTOMER PICKUP DEFAULT SCAC / CPU,CPU,Yes
9.03224E+19,9032236663,1/13/2023,5410001332,160,"3,139.20",0,0,0,0,0,"3,139.20",19.62,19.62,0,A,0,0,"21,415.00",466.84,L432342-01,-,CUSTOMER PICKUP DEFAULT SCAC / CPU,CPU,Yes
9.03224E+19,9032236663,1/13/2023,4420900403,400,"11,100.00","2,160.00",0,0,0,41.07,"8,898.93",27.75,22.25,0,A,0,0,"21,415.00",466.84,L432342-01,-,CUSTOMER PICKUP DEFAULT SCAC / CPU,CPU,Yes
9.03351E+19,9033514969,12/28/2023,7092047633,1040,"29,078.40",10.4,0,0,0,107.59,"28,960.41",27.96,27.85,0,A,0,0,"35,320.08","1,010.15",41735,-,CUSTOMER PICKUP DEFAULT SCAC / CPU,CPU,Yes
9.03351E+19,9033514969,12/28/2023,7092047634,2480,"69,340.80",24.8,0,0,0,256.56,"69,059.44",27.96,27.85,0,A,0,0,"35,320.08","1,010.15",41735,-,CUSTOMER PICKUP DEFAULT SCAC / CPU,CPU,Yes
9.03358E+19,9033581398,1/15/2024,2700038143,90,"1,792.80",0,0,0,0,6.63,"1,786.17",19.92,19.85,0,A,0,0,"32,821.61","2,136.70",554401,-,CUSTOMER PICKUP DEFAULT SCAC / CPU,CPU,Yes
9.03358E+19,9033581398,1/15/2024,4430012520,34,807.84,0,0,0,0,2.99,804.85,23.76,23.67,0,A,0,0,"32,821.61","2,136.70",554401,-,CUSTOMER PICKUP DEFAULT SCAC / CPU,CPU,Yes
9.03358E+19,9033581398,1/15/2024,4430012082,90,"1,323.00",0,0,0,0,4.9,"1,318.10",14.7,14.65,0,A,0,0,"32,821.61","2,136.70",554401,-,CUSTOMER PICKUP DEFAULT SCAC / CPU,CPU,Yes
9.03358E+19,9033581398,1/15/2024,4430012083,45,661.5,0,0,0,0,2.45,659.05,14.7,14.65,0,A,0,0,"32,821.61","2,136.70",554401,-,CUSTOMER PICKUP DEFAULT SCAC / CPU,CPU,Yes
9.03358E+19,9033581398,1/15/2024,6414410630,0,0,0,0,0,0,,0,,,0,A,0,0,"32,821.61","2,136.70",554401,-,CUSTOMER PICKUP DEFAULT SCAC / CPU,CPU,Yes
9.03358E+19,9033581398,1/15/2024,2700039029,88,"2,671.68",0,0,0,0,9.89,"2,661.79",30.36,30.25,0,A,0,0,"32,821.61","2,136.70",554401,-,CUSTOMER PICKUP DEFAULT SCAC / CPU,CPU,Yes
9.03358E+19,9033581398,1/15/2024,2700039014,176,"6,673.92",908.16,0,0,0,24.69,"5,741.07",37.92,32.62,0,A,0,0,"32,821.61","2,136.70",554401,-,CUSTOMER PICKUP DEFAULT SCAC / CPU,CPU,Yes
9.03358E+19,9033581398,1/15/2024,2700050011,70,"1,453.20",0,0,0,0,5.38,"1,447.82",20.76,20.68,0,A,0,0,"32,821.61","2,136.70",554401,-,CUSTOMER PICKUP DEFAULT SCAC / CPU,CPU,Yes
9.03358E+19,9033581398,1/15/2024,6414404293,24,673.92,0,0,0,0,2.49,671.43,28.08,27.98,0,A,0,0,"32,821.61","2,136.70",554401,-,CUSTOMER PICKUP DEFAULT SCAC / CPU,CPU,Yes
9.03358E+19,9033581398,1/15/2024,2700037800,192,"4,331.52","1,013.76",0,0,0,16.03,"3,301.73",22.56,17.2,0,A,0,0,"32,821.61","2,136.70",554401,-,CUSTOMER PICKUP DEFAULT SCAC / CPU,CPU,Yes
9.03358E+19,9033581398,1/15/2024,2700038040,88,"3,970.56",929.28,0,0,0,14.69,"3,026.59",45.12,34.39,0,A,0,0,"32,821.61","2,136.70",554401,-,CUSTOMER PICKUP DEFAULT SCAC / CPU,CPU,Yes
9.03358E+19,9033581398,1/15/2024,6414428260,120,"2,462.40",446.4,0,0,0,9.11,"2,006.89",20.52,16.72,0,A,0,0,"32,821.61","2,136.70",554401,-,CUSTOMER PICKUP DEFAULT SCAC / CPU,CPU,Yes
9.03358E+19,9033581398,1/15/2024,5410001880,30,608.4,0,0,0,0,2.25,606.15,20.28,20.21,0,A,0,0,"32,821.61","2,136.70",554401,-,CUSTOMER PICKUP DEFAULT SCAC / CPU,CPU,Yes
9.03358E+19,9033581398,1/15/2024,2700039103,36,665.28,0,0,0,0,2.46,662.82,18.48,18.41,0,A,0,0,"32,821.61","2,136.70",554401,-,CUSTOMER PICKUP DEFAULT SCAC / CPU,CPU,Yes
9.03358E+19,9033581398,1/15/2024,2700039003,72,"2,661.12",0,0,0,0,9.85,"2,651.27",36.96,36.82,0,A,0,0,"32,821.61","2,136.70",554401,-,CUSTOMER PICKUP DEFAULT SCAC / CPU,CPU,Yes
9.03358E+19,9033581398,1/15/2024,2700044212,88,"3,336.96",0,0,0,0,12.35,"3,324.61",37.92,37.78,0,A,0,0,"32,821.61","2,136.70",554401,-,CUSTOMER PICKUP DEFAULT SCAC / CPU,CPU,Yes
9.03358E+19,9033581398,1/15/2024,4132130111,33,665.28,0,0,0,0,2.46,662.82,20.16,20.09,0,A,0,0,"32,821.61","2,136.70",554401,-,CUSTOMER PICKUP DEFAULT SCAC / CPU,CPU,Yes
9.03358E+19,9033581398,1/15/2024,5410000562,56,937.44,0,0,0,0,3.47,933.97,16.74,16.68,0,A,0,0,"32,821.61","2,136.70",554401,-,CUSTOMER PICKUP DEFAULT SCAC / CPU,CPU,Yes
9.03358E+19,9033581398,1/15/2024,5410000035,96,"1,693.44",0,0,0,0,6.27,"1,687.17",17.64,17.57,0,A,0,0,"32,821.61","2,136.70",554401,-,CUSTOMER PICKUP DEFAULT SCAC / CPU,CPU,Yes
9.03358E+19,9033581398,1/15/2024,6414400966,16,483.84,0,0,0,0,1.79,482.05,30.24,30.13,0,A,0,0,"32,821.61","2,136.70",554401,-,CUSTOMER PICKUP DEFAULT SCAC / CPU,CPU,Yes
9.03358E+19,9033581398,1/15/2024,6414403021,52,"2,477.28",0,0,0,0,9.17,"2,468.11",47.64,47.46,0,A,0,0,"32,821.61","2,136.70",554401,-,CUSTOMER PICKUP DEFAULT SCAC / CPU,CPU,Yes
9.03358E+19,9033581398,1/15/2024,6414403064,26,"1,613.04",0,0,0,0,5.97,"1,607.07",62.04,61.81,0,A,0,0,"32,821.61","2,136.70",554401,-,CUSTOMER PICKUP DEFAULT SCAC / CPU,CPU,Yes
9.03358E+19,9033581398,1/15/2024,6414403031,104,"5,441.28",0,0,0,0,20.13,"5,421.15",52.32,52.13,0,A,0,0,"32,821.61","2,136.70",554401,-,CUSTOMER PICKUP DEFAULT SCAC / CPU,CPU,Yes
9.03358E+19,9033581398,1/15/2024,5410001305,16,287.04,0,0,0,0,1.06,285.98,17.94,17.87,0,A,0,0,"32,821.61","2,136.70",554401,-,CUSTOMER PICKUP DEFAULT SCAC / CPU,CPU,Yes
9.03358E+19,9033581398,1/15/2024,2700041900,36,540,56.16,0,0,0,2,481.84,15,13.38,0,A,0,0,"32,821.61","2,136.70",554401,-,CUSTOMER PICKUP DEFAULT SCAC / CPU,CPU,Yes
9.03358E+19,9033581398,1/15/2024,2700041918,81,"1,215.00",126.36,0,0,0,4.5,"1,084.14",15,13.38,0,A,0,0,"32,821.61","2,136.70",554401,-,CUSTOMER PICKUP DEFAULT SCAC / CPU,CPU,Yes
9.03358E+19,9033581398,1/15/2024,4420912233,4,133.2,0,0,0,0,0.49,132.71,33.3,33.18,0,A,0,0,"32,821.61","2,136.70",554401,-,CUSTOMER PICKUP DEFAULT SCAC / CPU,CPU,Yes
9.03358E+19,9033581398,1/15/2024,1700001686,75,"4,329.00",0,0,0,0,16.02,"4,312.98",57.72,57.51,0,A,0,0,"32,821.61","2,136.70",554401,-,CUSTOMER PICKUP DEFAULT SCAC / CPU,CPU,Yes
9.03358E+19,9033581398,1/15/2024,2700052005,42,"1,307.88",0,0,0,0,4.84,"1,303.04",31.14,31.02,0,A,0,0,"32,821.61","2,136.70",554401,-,CUSTOMER PICKUP DEFAULT SCAC / CPU,CPU,Yes
9.03358E+19,9033581398,1/15/2024,2700049018,42,"1,307.88",0,0,0,0,4.84,"1,303.04",31.14,31.02,0,A,0,0,"32,821.61","2,136.70",554401,-,CUSTOMER PICKUP DEFAULT SCAC / CPU,CPU,Yes
9.03358E+19,9033581398,1/15/2024,7615023216,42,967.68,0,0,0,0,3.58,964.1,23.04,22.95,0,A,0,0,"32,821.61","2,136.70",554401,-,CUSTOMER PICKUP DEFAULT SCAC / CPU,CPU,Yes
9.03358E+19,9033581398,1/15/2024,7615023258,42,967.68,0,0,0,0,3.58,964.1,23.04,22.95,0,A,0,0,"32,821.61","2,136.70",554401,-,CUSTOMER PICKUP DEFAULT SCAC / CPU,CPU,Yes
9.03358E+19,9033581398,1/15/2024,7615000014,21,376.74,0,0,0,0,1.39,375.35,17.94,17.87,0,A,0,0,"32,821.61","2,136.70",554401,-,CUSTOMER PICKUP DEFAULT SCAC / CPU,CPU,Yes
9.03358E+19,9033581398,1/15/2024,7615023222,42,753.48,0,0,0,0,2.79,750.69,17.94,17.87,0,A,0,0,"32,821.61","2,136.70",554401,-,CUSTOMER PICKUP DEFAULT SCAC / CPU,CPU,Yes
9.03358E+19,9033581398,1/15/2024,2700049026,21,653.94,0,0,0,0,2.42,651.52,31.14,31.02,0,A,0,0,"32,821.61","2,136.70",554401,-,CUSTOMER PICKUP DEFAULT SCAC / CPU,CPU,Yes
9.03358E+19,9033581398,1/15/2024,7615023277,14,306.88,0,0,0,0,1.14,305.74,21.92,21.84,0,A,0,0,"32,821.61","2,136.70",554401,-,CUSTOMER PICKUP DEFAULT SCAC / CPU,CPU,Yes
9.03358E+19,9033581398,1/15/2024,9277300069,10,296.4,0,0,0,0,1.1,295.3,29.64,29.53,0,A,0,0,"32,821.61","2,136.70",554401,-,CUSTOMER PICKUP DEFAULT SCAC / CPU,CPU,Yes
9.03358E+19,9033581398,1/15/2024,1878001194,20,592.8,0,0,0,0,2.19,590.61,29.64,29.53,0,A,0,0,"32,821.61","2,136.70",554401,-,CUSTOMER PICKUP DEFAULT SCAC / CPU,CPU,Yes
9.03358E+19,9033581398,1/15/2024,4420940594,60,955.2,148.8,0,0,0,3.53,802.87,15.92,13.38,0,A,0,0,"32,821.61","2,136.70",554401,-,CUSTOMER PICKUP DEFAULT SCAC / CPU,CPU,Yes
9.03358E+19,9033581398,1/15/2024,4420929047,36,"1,447.20",34.56,0,0,0,5.35,"1,407.29",40.2,39.09,0,A,0,0,"32,821.61","2,136.70",554401,-,CUSTOMER PICKUP DEFAULT SCAC / CPU,CPU,Yes
9.03279E+19,9032787506,6/16/2023,1570005144,20,559.2,0,0,0,0,2.07,557.13,27.96,27.86,0,A,0,0,"36,501.05",719.05,61554831,-,CUSTOMER PICKUP DEFAULT SCAC / CPU,CPU,Yes
9.03279E+19,9032787506,6/16/2023,1700001474,24,599.04,0,0,0,0,2.22,596.82,24.96,24.87,0,A,0,0,"36,501.05",719.05,61554831,-,CUSTOMER PICKUP DEFAULT SCAC / CPU,CPU,Yes
9.03279E+19,9032787506,6/16/2023,2620046078,20,614.4,0,0,0,0,2.27,612.13,30.72,30.61,0,A,0,0,"36,501.05",719.05,61554831,-,CUSTOMER PICKUP DEFAULT SCAC / CPU,CPU,Yes
9.03279E+19,9032787506,6/16/2023,2620076232,3,120,0,0,0,0,0.44,119.56,40,39.85,0,A,0,0,"36,501.05",719.05,61554831,-,CUSTOMER PICKUP DEFAULT SCAC / CPU,CPU,Yes
9.03279E+19,9032787506,6/16/2023,2700037241,105,"3,269.70",0,0,0,0,12.1,"3,257.60",31.14,31.02,0,A,0,0,"36,501.05",719.05,61554831,-,CUSTOMER PICKUP DEFAULT SCAC / CPU,CPU,Yes
9.03279E+19,9032787506,6/16/2023,2700037242,105,"3,269.70",0,0,0,0,12.1,"3,257.60",31.14,31.02,0,A,0,0,"36,501.05",719.05,61554831,-,CUSTOMER PICKUP DEFAULT SCAC / CPU,CPU,Yes
9.03279E+19,9032787506,6/16/2023,2700037800,64,"1,313.28",0,0,0,0,4.86,"1,308.42",20.52,20.44,0,A,0,0,"36,501.05",719.05,61554831,-,CUSTOMER PICKUP DEFAULT SCAC / CPU,CPU,Yes
9.03279E+19,9032787506,6/16/2023,2700038142,40,566.4,0,0,0,0,2.1,564.3,14.16,14.11,0,A,0,0,"36,501.05",719.05,61554831,-,CUSTOMER PICKUP DEFAULT SCAC / CPU,CPU,Yes
9.03279E+19,9032787506,6/16/2023,2700038143,108,"1,866.24",0,0,0,0,6.91,"1,859.33",17.28,17.22,0,A,0,0,"36,501.05",719.05,61554831,-,CUSTOMER PICKUP DEFAULT SCAC / CPU,CPU,Yes
9.03279E+19,9032787506,6/16/2023,2700038822,48,"1,036.80",0,0,0,0,3.84,"1,032.96",21.6,21.52,0,A,0,0,"36,501.05",719.05,61554831,-,CUSTOMER PICKUP DEFAULT SCAC / CPU,CPU,Yes
9.03279E+19,9032787506,6/16/2023,2700039014,88,"3,041.28",0,0,0,0,11.25,"3,030.03",34.56,34.43,0,A,0,0,"36,501.05",719.05,61554831,-,CUSTOMER PICKUP DEFAULT SCAC / CPU,CPU,Yes
9.03279E+19,9032787506,6/16/2023,2700041900,72,"1,080.00",0,0,0,0,4,"1,076.00",15,14.94,0,A,0,0,"36,501.05",719.05,61554831,-,CUSTOMER PICKUP DEFAULT SCAC / CPU,CPU,Yes
9.03279E+19,9032787506,6/16/2023,2700041901,72,"1,080.00",0,0,0,0,4,"1,076.00",15,14.94,0,A,0,0,"36,501.05",719.05,61554831,-,CUSTOMER PICKUP DEFAULT SCAC / CPU,CPU,Yes
9.03279E+19,9032787506,6/16/2023,2700041903,72,"1,080.00",0,0,0,0,4,"1,076.00",15,14.94,0,A,0,0,"36,501.05",719.05,61554831,-,CUSTOMER PICKUP DEFAULT SCAC / CPU,CPU,Yes
9.03279E+19,9032787506,6/16/2023,2700041905,72,"1,080.00",0,0,0,0,4,"1,076.00",15,14.94,0,A,0,0,"36,501.05",719.05,61554831,-,CUSTOMER PICKUP DEFAULT SCAC / CPU,CPU,Yes
9.03279E+19,9032787506,6/16/2023,2700041909,72,"1,080.00",0,0,0,0,4,"1,076.00",15,14.94,0,A,0,0,"36,501.05",719.05,61554831,-,CUSTOMER PICKUP DEFAULT SCAC / CPU,CPU,Yes
9.03279E+19,9032787506,6/16/2023,2700041911,72,"1,080.00",0,0,0,0,4,"1,076.00",15,14.94,0,A,0,0,"36,501.05",719.05,61554831,-,CUSTOMER PICKUP DEFAULT SCAC / CPU,CPU,Yes
9.03279E+19,9032787506,6/16/2023,2700041916,72,"1,080.00",0,0,0,0,4,"1,076.00",15,14.94,0,A,0,0,"36,501.05",719.05,61554831,-,CUSTOMER PICKUP DEFAULT SCAC / CPU,CPU,Yes
9.03279E+19,9032787506,6/16/2023,2700041920,72,"1,080.00",0,0,0,0,4,"1,076.00",15,14.94,0,A,0,0,"36,501.05",719.05,61554831,-,CUSTOMER PICKUP DEFAULT SCAC / CPU,CPU,Yes
9.03279E+19,9032787506,6/16/2023,2700041921,72,"1,080.00",0,0,0,0,4,"1,076.00",15,14.94,0,A,0,0,"36,501.05",719.05,61554831,-,CUSTOMER PICKUP DEFAULT SCAC / CPU,CPU,Yes
9.03279E+19,9032787506,6/16/2023,2700041922,72,"1,080.00",0,0,0,0,4,"1,076.00",15,14.94,0,A,0,0,"36,501.05",719.05,61554831,-,CUSTOMER PICKUP DEFAULT SCAC / CPU,CPU,Yes
9.03279E+19,9032787506,6/16/2023,5410000845,300,"5,400.00",0,0,0,0,19.98,"5,380.02",18,17.93,0,A,0,0,"36,501.05",719.05,61554831,-,CUSTOMER PICKUP DEFAULT SCAC / CPU,CPU,Yes
9.03279E+19,9032787506,6/16/2023,6414404315,96,"3,755.52",0,0,0,0,13.9,"3,741.62",39.12,38.98,0,A,0,0,"36,501.05",719.05,61554831,-,CUSTOMER PICKUP DEFAULT SCAC / CPU,CPU,Yes
9.03279E+19,9032787506,6/16/2023,6414404322,96,"3,755.52",0,0,0,0,13.9,"3,741.62",39.12,38.98,0,A,0,0,"36,501.05",719.05,61554831,-,CUSTOMER PICKUP DEFAULT SCAC / CPU,CPU,Yes
9.03279E+19,9032787506,6/16/2023,6414404808,32,625.92,0,0,0,0,2.32,623.6,19.56,19.49,0,A,0,0,"36,501.05",719.05,61554831,-,CUSTOMER PICKUP DEFAULT SCAC / CPU,CPU,Yes
9.03279E+19,9032787506,6/16/2023,7615023258,105,"2,419.20",0,0,0,0,8.95,"2,410.25",23.04,22.95,0,A,0,0,"36,501.05",719.05,61554831,-,CUSTOMER PICKUP DEFAULT SCAC / CPU,CPU,Yes
9.03279E+19,9032787506,6/16/2023,4420930750,132,"3,247.20",0,0,0,0,12.01,"3,235.19",24.6,24.51,0,A,0,0,"36,501.05",719.05,61554831,-,CUSTOMER PICKUP DEFAULT SCAC / CPU,CPU,Yes
9.03279E+19,9032787506,6/16/2023,4420930756,22,541.2,0,0,0,0,2,539.2,24.6,24.51,0,A,0,0,"36,501.05",719.05,61554831,-,CUSTOMER PICKUP DEFAULT SCAC / CPU,CPU,Yes
9.03279E+19,9032787506,6/16/2023,4420940556,40,936,0,0,0,0,3.46,932.54,23.4,23.31,0,A,0,0,"36,501.05",719.05,61554831,-,CUSTOMER PICKUP DEFAULT SCAC / CPU,CPU,Yes
9.03279E+19,9032787506,6/16/2023,4420941065,22,633.6,0,0,0,0,2.34,631.26,28.8,28.69,0,A,0,0,"36,501.05",719.05,61554831,-,CUSTOMER PICKUP DEFAULT SCAC / CPU,CPU,Yes
9.03279E+19,9032787506,6/16/2023,4420941135,66,"1,900.80",0,0,0,0,7.03,"1,893.77",28.8,28.69,0,A,0,0,"36,501.05",719.05,61554831,-,CUSTOMER PICKUP DEFAULT SCAC / CPU,CPU,Yes
9.03279E+19,9032787506,6/16/2023,4420941185,22,633.6,0,0,0,0,2.34,631.26,28.8,28.69,0,A,0,0,"36,501.05",719.05,61554831,-,CUSTOMER PICKUP DEFAULT SCAC / CPU,CPU,Yes
9.03279E+19,9032787506,6/16/2023,4420941270,22,633.6,0,0,0,0,2.34,631.26,28.8,28.69,0,A,0,0,"36,501.05",719.05,61554831,-,CUSTOMER PICKUP DEFAULT SCAC / CPU,CPU,Yes
9.03279E+19,9032787506,6/16/2023,4420941285,22,633.6,0,0,0,0,2.34,631.26,28.8,28.69,0,A,0,0,"36,501.05",719.05,61554831,-,CUSTOMER PICKUP DEFAULT SCAC / CPU,CPU,Yes
9.03279E+19,9032787506,6/16/2023,4420941900,120,"4,060.80",0,0,0,0,15.02,"4,045.78",33.84,33.71,0,A,0,0,"36,501.05",719.05,61554831,-,CUSTOMER PICKUP DEFAULT SCAC / CPU,CPU,Yes
9.03279E+19,9032787506,6/16/2023,4420979349,65,"2,591.55",0,0,0,0,9.59,"2,581.96",39.87,39.72,0,A,0,0,"36,501.05",719.05,61554831,-,CUSTOMER PICKUP DEFAULT SCAC / CPU,CPU,Yes
9.03279E+19,9032787506,6/16/2023,1878001148,20,592.8,0,0,0,0,2.19,590.61,29.64,29.53,0,A,0,0,"36,501.05",719.05,61554831,-,CUSTOMER PICKUP DEFAULT SCAC / CPU,CPU,Yes
9.03279E+19,9032787506,6/16/2023,1878001194,40,"1,185.60",0,0,0,0,4.39,"1,181.21",29.64,29.53,0,A,0,0,"36,501.05",719.05,61554831,-,CUSTOMER PICKUP DEFAULT SCAC / CPU,CPU,Yes
9.03279E+19,9032787506,6/16/2023,1878001265,40,"1,185.60",0,0,0,0,4.39,"1,181.21",29.64,29.53,0,A,0,0,"36,501.05",719.05,61554831,-,CUSTOMER PICKUP DEFAULT SCAC / CPU,CPU,Yes
9.03287E+19,9032872199,7/11/2023,1490044202,48,"1,077.12",0,0,0,0,3.99,"1,073.13",22.44,22.36,0,A,0,0,"36,716.22",723.32,61558771,-,CUSTOMER PICKUP DEFAULT SCAC / CPU,CPU,Yes
9.03287E+19,9032872199,7/11/2023,2300098205,85,"2,121.60",0,0,0,0,7.85,"2,113.75",24.96,24.87,0,A,0,0,"36,716.22",723.32,61558771,-,CUSTOMER PICKUP DEFAULT SCAC / CPU,CPU,Yes
9.03287E+19,9032872199,7/11/2023,2620076232,1,40,0,0,0,0,0.15,39.85,40,39.85,0,A,0,0,"36,716.22",723.32,61558771,-,CUSTOMER PICKUP DEFAULT SCAC / CPU,CPU,Yes
9.03287E+19,9032872199,7/11/2023,2700000240,9,176.4,0,0,0,0,0.65,175.75,19.6,19.53,0,A,0,0,"36,716.22",723.32,61558771,-,CUSTOMER PICKUP DEFAULT SCAC / CPU,CPU,Yes
9.03287E+19,9032872199,7/11/2023,2700037231,21,740.88,0,0,0,0,2.74,738.14,35.28,35.15,0,A,0,0,"36,716.22",723.32,61558771,-,CUSTOMER PICKUP DEFAULT SCAC / CPU,CPU,Yes
9.03287E+19,9032872199,7/11/2023,2700037243,21,740.88,0,0,0,0,2.74,738.14,35.28,35.15,0,A,0,0,"36,716.22",723.32,61558771,-,CUSTOMER PICKUP DEFAULT SCAC / CPU,CPU,Yes
9.03287E+19,9032872199,7/11/2023,2700037884,8,221.76,0,0,0,0,0.82,220.94,27.72,27.62,0,A,0,0,"36,716.22",723.32,61558771,-,CUSTOMER PICKUP DEFAULT SCAC / CPU,CPU,Yes
9.03287E+19,9032872199,7/11/2023,2700037896,16,328.32,0,0,0,0,1.21,327.11,20.52,20.44,0,A,0,0,"36,716.22",723.32,61558771,-,CUSTOMER PICKUP DEFAULT SCAC / CPU,CPU,Yes
9.03287E+19,9032872199,7/11/2023,2700038822,16,345.6,0,0,0,0,1.28,344.32,21.6,21.52,0,A,0,0,"36,716.22",723.32,61558771,-,CUSTOMER PICKUP DEFAULT SCAC / CPU,CPU,Yes
9.03287E+19,9032872199,7/11/2023,2700038970,8,227.52,0,0,0,0,0.84,226.68,28.44,28.34,0,A,0,0,"36,716.22",723.32,61558771,-,CUSTOMER PICKUP DEFAULT SCAC / CPU,CPU,Yes
9.03287E+19,9032872199,7/11/2023,2700039003,72,"2,419.20",0,0,0,0,8.95,"2,410.25",33.6,33.48,0,A,0,0,"36,716.22",723.32,61558771,-,CUSTOMER PICKUP DEFAULT SCAC / CPU,CPU,Yes
9.03287E+19,9032872199,7/11/2023,2700039914,224,"4,838.40",0,0,0,0,17.9,"4,820.50",21.6,21.52,0,A,0,0,"36,716.22",723.32,61558771,-,CUSTOMER PICKUP DEFAULT SCAC / CPU,CPU,Yes
9.03287E+19,9032872199,7/11/2023,2700041900,144,"2,160.00",0,0,0,0,7.99,"2,152.01",15,14.94,0,A,0,0,"36,716.22",723.32,61558771,-,CUSTOMER PICKUP DEFAULT SCAC / CPU,CPU,Yes
9.03287E+19,9032872199,7/11/2023,2700041902,144,"2,160.00",0,0,0,0,7.99,"2,152.01",15,14.94,0,A,0,0,"36,716.22",723.32,61558771,-,CUSTOMER PICKUP DEFAULT SCAC / CPU,CPU,Yes
9.03287E+19,9032872199,7/11/2023,2700041904,72,"1,080.00",0,0,0,0,4,"1,076.00",15,14.94,0,A,0,0,"36,716.22",723.32,61558771,-,CUSTOMER PICKUP DEFAULT SCAC / CPU,CPU,Yes
9.03287E+19,9032872199,7/11/2023,2700041905,72,"1,080.00",0,0,0,0,4,"1,076.00",15,14.94,0,A,0,0,"36,716.22",723.32,61558771,-,CUSTOMER PICKUP DEFAULT SCAC / CPU,CPU,Yes
9.03287E+19,9032872199,7/11/2023,2700041909,72,"1,080.00",0,0,0,0,4,"1,076.00",15,14.94,0,A,0,0,"36,716.22",723.32,61558771,-,CUSTOMER PICKUP DEFAULT SCAC / CPU,CPU,Yes
9.03287E+19,9032872199,7/11/2023,2700041911,72,"1,080.00",0,0,0,0,4,"1,076.00",15,14.94,0,A,0,0,"36,716.22",723.32,61558771,-,CUSTOMER PICKUP DEFAULT SCAC / CPU,CPU,Yes
9.03287E+19,9032872199,7/11/2023,2700041913,144,"2,160.00",0,0,0,0,7.99,"2,152.01",15,14.94,0,A,0,0,"36,716.22",723.32,61558771,-,CUSTOMER PICKUP DEFAULT SCAC / CPU,CPU,Yes
9.03287E+19,9032872199,7/11/2023,2700041916,72,"1,080.00",0,0,0,0,4,"1,076.00",15,14.94,0,A,0,0,"36,716.22",723.32,61558771,-,CUSTOMER PICKUP DEFAULT SCAC / CPU,CPU,Yes
9.03287E+19,9032872199,7/11/2023,2700041918,72,"1,080.00",0,0,0,0,4,"1,076.00",15,14.94,0,A,0,0,"36,716.22",723.32,61558771,-,CUSTOMER PICKUP DEFAULT SCAC / CPU,CPU,Yes
9.03287E+19,9032872199,7/11/2023,2700041920,144,"2,160.00",0,0,0,0,7.99,"2,152.01",15,14.94,0,A,0,0,"36,716.22",723.32,61558771,-,CUSTOMER PICKUP DEFAULT SCAC / CPU,CPU,Yes
9.03287E+19,9032872199,7/11/2023,2700041922,72,"1,080.00",0,0,0,0,4,"1,076.00",15,14.94,0,A,0,0,"36,716.22",723.32,61558771,-,CUSTOMER PICKUP DEFAULT SCAC / CPU,CPU,Yes
9.03287E+19,9032872199,7/11/2023,2700049018,21,653.94,0,0,0,0,2.42,651.52,31.14,31.02,0,A,0,0,"36,716.22",723.32,61558771,-,CUSTOMER PICKUP DEFAULT SCAC / CPU,CPU,Yes
9.03287E+19,9032872199,7/11/2023,2700050010,112,"2,110.08",0,0,0,0,7.81,"2,102.27",18.84,18.77,0,A,0,0,"36,716.22",723.32,61558771,-,CUSTOMER PICKUP DEFAULT SCAC / CPU,CPU,Yes
9.03287E+19,9032872199,7/11/2023,3900008669,10,211.2,0,0,0,0,0.78,210.42,21.12,21.04,0,A,0,0,"36,716.22",723.32,61558771,-,CUSTOMER PICKUP DEFAULT SCAC / CPU,CPU,Yes
9.03287E+19,9032872199,7/11/2023,3900060020,32,537.6,0,0,0,0,1.99,535.61,16.8,16.74,0,A,0,0,"36,716.22",723.32,61558771,-,CUSTOMER PICKUP DEFAULT SCAC / CPU,CPU,Yes
9.03287E+19,9032872199,7/11/2023,4132100580,43,784.32,0,0,0,0,2.9,781.42,18.24,18.17,0,A,0,0,"36,716.22",723.32,61558771,-,CUSTOMER PICKUP DEFAULT SCAC / CPU,CPU,Yes
9.03287E+19,9032872199,7/11/2023,4132100635,43,784.32,0,0,0,0,2.9,781.42,18.24,18.17,0,A,0,0,"36,716.22",723.32,61558771,-,CUSTOMER PICKUP DEFAULT SCAC / CPU,CPU,Yes
9.03287E+19,9032872199,7/11/2023,4132100648,86,"1,568.64",0,0,0,0,5.8,"1,562.84",18.24,18.17,0,A,0,0,"36,716.22",723.32,61558771,-,CUSTOMER PICKUP DEFAULT SCAC / CPU,CPU,Yes
9.03287E+19,9032872199,7/11/2023,4132100655,86,"1,568.64",0,0,0,0,5.8,"1,562.84",18.24,18.17,0,A,0,0,"36,716.22",723.32,61558771,-,CUSTOMER PICKUP DEFAULT SCAC / CPU,CPU,Yes
9.03287E+19,9032872199,7/11/2023,4132130181,28,687.12,0,0,0,0,2.54,684.58,24.54,24.45,0,A,0,0,"36,716.22",723.32,61558771,-,CUSTOMER PICKUP DEFAULT SCAC / CPU,CPU,Yes
9.03287E+19,9032872199,7/11/2023,4430012082,45,661.5,0,0,0,0,2.45,659.05,14.7,14.65,0,A,0,0,"36,716.22",723.32,61558771,-,CUSTOMER PICKUP DEFAULT SCAC / CPU,CPU,Yes
9.03287E+19,9032872199,7/11/2023,5110007903,14,467.04,0,0,0,0,1.73,465.31,33.36,33.24,0,A,0,0,"36,716.22",723.32,61558771,-,CUSTOMER PICKUP DEFAULT SCAC / CPU,CPU,Yes
9.03287E+19,9032872199,7/11/2023,5110089006,14,645.12,0,0,0,0,2.39,642.73,46.08,45.91,0,A,0,0,"36,716.22",723.32,61558771,-,CUSTOMER PICKUP DEFAULT SCAC / CPU,CPU,Yes
9.03287E+19,9032872199,7/11/2023,5410000562,252,"4,218.48",0,0,0,0,15.61,"4,202.87",16.74,16.68,0,A,0,0,"36,716.22",723.32,61558771,-,CUSTOMER PICKUP DEFAULT SCAC / CPU,CPU,Yes
9.03287E+19,9032872199,7/11/2023,5410001280,40,669.6,0,0,0,0,2.48,667.12,16.74,16.68,0,A,0,0,"36,716.22",723.32,61558771,-,CUSTOMER PICKUP DEFAULT SCAC / CPU,CPU,Yes
9.03287E+19,9032872199,7/11/2023,5410001315,40,686.4,0,0,0,0,2.54,683.86,17.16,17.1,0,A,0,0,"36,716.22",723.32,61558771,-,CUSTOMER PICKUP DEFAULT SCAC / CPU,CPU,Yes
9.03287E+19,9032872199,7/11/2023,5410011750,20,686.4,0,0,0,0,2.54,683.86,34.32,34.19,0,A,0,0,"36,716.22",723.32,61558771,-,CUSTOMER PICKUP DEFAULT SCAC / CPU,CPU,Yes
9.03287E+19,9032872199,7/11/2023,5410092502,30,"1,368.00",0,0,0,0,5.06,"1,362.94",45.6,45.43,0,A,0,0,"36,716.22",723.32,61558771,-,CUSTOMER PICKUP DEFAULT SCAC / CPU,CPU,Yes
9.03287E+19,9032872199,7/11/2023,5410097765,45,756,0,0,0,0,2.8,753.2,16.8,16.74,0,A,0,0,"36,716.22",723.32,61558771,-,CUSTOMER PICKUP DEFAULT SCAC / CPU,CPU,Yes
9.03287E+19,9032872199,7/11/2023,6414404225,96,"2,718.72",0,0,0,0,10.06,"2,708.66",28.32,28.22,0,A,0,0,"36,716.22",723.32,61558771,-,CUSTOMER PICKUP DEFAULT SCAC / CPU,CPU,Yes
9.03287E+19,9032872199,7/11/2023,6414404236,32,395.52,0,0,0,0,1.46,394.06,12.36,12.31,0,A,0,0,"36,716.22",723.32,61558771,-,CUSTOMER PICKUP DEFAULT SCAC / CPU,CPU,Yes
9.03287E+19,9032872199,7/11/2023,6414404820,16,312.96,0,0,0,0,1.16,311.8,19.56,19.49,0,A,0,0,"36,716.22",723.32,61558771,-,CUSTOMER PICKUP DEFAULT SCAC / CPU,CPU,Yes
9.03287E+19,9032872199,7/11/2023,7092047909,15,477.6,0,0,0,0,1.77,475.83,31.84,31.72,0,A,0,0,"36,716.22",723.32,61558771,-,CUSTOMER PICKUP DEFAULT SCAC / CPU,CPU,Yes
9.03287E+19,9032872199,7/11/2023,7615023214,21,376.74,0,0,0,0,1.39,375.35,17.94,17.87,0,A,0,0,"36,716.22",723.32,61558771,-,CUSTOMER PICKUP DEFAULT SCAC / CPU,CPU,Yes
9.03287E+19,9032872199,7/11/2023,4420900406,30,477.6,0,0,0,0,1.77,475.83,15.92,15.86,0,A,0,0,"36,716.22",723.32,61558771,-,CUSTOMER PICKUP DEFAULT SCAC / CPU,CPU,Yes
9.03287E+19,9032872199,7/11/2023,4420912231,25,375,0,0,0,0,1.39,373.61,15,14.94,0,A,0,0,"36,716.22",723.32,61558771,-,CUSTOMER PICKUP DEFAULT SCAC / CPU,CPU,Yes
9.03287E+19,9032872199,7/11/2023,4420929047,12,482.4,0,0,0,0,1.78,480.62,40.2,40.05,0,A,0,0,"36,716.22",723.32,61558771,-,CUSTOMER PICKUP DEFAULT SCAC / CPU,CPU,Yes
9.03287E+19,9032872199,7/11/2023,4420930756,22,541.2,0,0,0,0,2,539.2,24.6,24.51,0,A,0,0,"36,716.22",723.32,61558771,-,CUSTOMER PICKUP DEFAULT SCAC / CPU,CPU,Yes
9.03287E+19,9032872199,7/11/2023,4420947107,15,238.8,0,0,0,0,0.88,237.92,15.92,15.86,0,A,0,0,"36,716.22",723.32,61558771,-,CUSTOMER PICKUP DEFAULT SCAC / CPU,CPU,Yes
9.03403E+19,9034032928,5/13/2024,7495618057,480,"24,537.60",0,0,0,0,169.31,"24,368.29",51.12,50.77,0,A,0,0,"9,992.24",0,17970,-,CUSTOMER PICKUP DEFAULT SCAC / CPU,CPU,Yes
9.03403E+19,9034032928,5/13/2024,7495618056,102,"5,214.24",0,0,0,0,35.98,"5,178.26",51.12,50.77,0,A,0,0,"9,992.24",0,17970,-,CUSTOMER PICKUP DEFAULT SCAC / CPU,CPU,Yes
9.03403E+19,9034032928,5/13/2024,7495618440,56,"5,342.40",0,0,0,0,36.86,"5,305.54",95.4,94.74,0,A,0,0,"9,992.24",0,17970,-,CUSTOMER PICKUP DEFAULT SCAC / CPU,CPU,Yes
9.03403E+19,9034032928,5/13/2024,7495628400,140,"7,812.00",0,0,0,0,53.9,"7,758.10",55.8,55.42,0,A,0,0,"9,992.24",0,17970,-,CUSTOMER PICKUP DEFAULT SCAC / CPU,CPU,Yes
9.03403E+19,9034032928,5/13/2024,7495628300,272,"15,177.60",0,0,0,0,104.73,"15,072.87",55.8,55.41,0,A,0,0,"9,992.24",0,17970,-,CUSTOMER PICKUP DEFAULT SCAC / CPU,CPU,Yes
9.03225E+19,9032253760,1/19/2023,1570005792,45,936.45,0,0,0,0,0,936.45,20.81,20.81,0,A,0,0,"2,570.16",0,22782050,-,CUSTOMER PICKUP DEFAULT SCAC / CPU,CPU,Yes
9.03225E+19,9032253760,1/19/2023,1570005794,18,374.58,0,0,0,0,0,374.58,20.81,20.81,0,A,0,0,"2,570.16",0,22782050,-,CUSTOMER PICKUP DEFAULT SCAC / CPU,CPU,Yes
9.03225E+19,9032253760,1/19/2023,1570005791,135,"2,809.35",0,0,0,0,0,"2,809.35",20.81,20.81,0,A,0,0,"2,570.16",0,22782050,-,CUSTOMER PICKUP DEFAULT SCAC / CPU,CPU,Yes
9.03225E+19,9032253760,1/19/2023,7495618463,10,992.8,0,0,0,0,0,992.8,99.28,99.28,0,A,0,0,"2,570.16",0,22782050,-,CUSTOMER PICKUP DEFAULT SCAC / CPU,CPU,Yes
9.03256E+18,9032555371,4/12/2023,389843519,"2,279.10","16,249.98",478.61,0,0,0,325,"15,446.37",7.13,6.78,0,A,0,0,"2,279.10",0,2630209096,-,CUSTOMER PICKUP DEFAULT SCAC / CPU - No,CPU,Yes
9.03289E+19,9032885705,7/17/2023,7495618440,210,"20,034.00",0,0,0,0,138.23,"19,895.77",95.4,94.74,0,A,0,0,"8,016.38",471.85,48492,-,CUSTOMER PICKUP DEFAULT SCAC / CPU,CPU,Yes
9.03289E+19,9032885705,7/17/2023,7495628400,160,"8,928.00",0,0,0,0,61.6,"8,866.40",55.8,55.42,0,A,0,0,"8,016.38",471.85,48492,-,CUSTOMER PICKUP DEFAULT SCAC / CPU,CPU,Yes
9.03289E+19,9032885705,7/17/2023,7495618057,135,"6,901.20",0,0,0,0,47.62,"6,853.58",51.12,50.77,0,A,0,0,"8,016.38",471.85,48492,-,CUSTOMER PICKUP DEFAULT SCAC / CPU,CPU,Yes
9.03289E+19,9032885705,7/17/2023,7495628300,119,"6,640.20",0,0,0,0,45.82,"6,594.38",55.8,55.41,0,A,0,0,"8,016.38",471.85,48492,-,CUSTOMER PICKUP DEFAULT SCAC / CPU,CPU,Yes
9.03411E+19,9034105265,6/4/2024,4690073190,9,"11,301.12","1,166.40",0,0,0,41.81,"10,092.91","1,255.68","1,121.43",0,A,0,0,"11,035.38",0,41788,-,/ CPU,CPU,Yes
9.03329E+19,9033292135,10/31/2023,7027223202,"1,760.00","60,614.40","11,052.80",0,0,0,466.73,"49,094.87",34.44,27.89,0,A,0,0,"33,725.18","1,224.22",226992,-,CUSTOMER PICKUP DEFAULT SCAC / CPU,CPU,Yes
9.03329E+19,9033292135,10/31/2023,7027223203,"1,455.00","50,110.20","9,137.40",0,0,0,385.85,"40,586.95",34.44,27.89,0,A,0,0,"33,725.18","1,224.22",226992,-,CUSTOMER PICKUP DEFAULT SCAC / CPU,CPU,Yes
9.03329E+19,9033292135,10/31/2023,7027223204,700,"38,892.00","3,185.00",0,0,0,299.47,"35,407.53",55.56,50.58,0,A,0,0,"33,725.18","1,224.22",226992,-,CUSTOMER PICKUP DEFAULT SCAC / CPU,CPU,Yes
9.03396E+19,9033957189,4/23/2024,2113130267,270,"6,307.20",86.4,0,0,0,25.23,"6,195.57",23.36,22.95,0,A,0,0,"1,921.86",0,84470,-,/ CPU,CPU,Yes
9.03218E+19,9032181182,12/29/2022,1570005794,36,734.4,0,0,0,0,0,734.4,20.4,20.4,0,A,0,0,"4,730.33",78.52,21825740,-,CUSTOMER PICKUP DEFAULT SCAC / CPU,CPU,Yes
9.03218E+19,9032181182,12/29/2022,2900003449,48,"4,611.84",0,0,0,0,0,"4,611.84",96.08,96.08,0,A,0,0,"4,730.33",78.52,21825740,-,CUSTOMER PICKUP DEFAULT SCAC / CPU,CPU,Yes
9.03218E+19,9032181182,12/29/2022,7495618466,10,992.8,0,0,0,0,0,992.8,99.28,99.28,0,A,0,0,"4,730.33",78.52,21825740,-,CUSTOMER PICKUP DEFAULT SCAC / CPU,CPU,Yes
9.03218E+19,9032181182,12/29/2022,7495618463,20,"1,985.60",0,0,0,0,0,"1,985.60",99.28,99.28,0,A,0,0,"4,730.33",78.52,21825740,-,CUSTOMER PICKUP DEFAULT SCAC / CPU,CPU,Yes
9.03218E+19,9032181182,12/29/2022,7495619373,80,621.6,0,0,0,0,0,621.6,7.77,7.77,0,A,0,0,"4,730.33",78.52,21825740,-,CUSTOMER PICKUP DEFAULT SCAC / CPU,CPU,Yes
9.03218E+19,9032181182,12/29/2022,7027249138,80,"3,367.20",0,0,0,0,0,"3,367.20",42.09,42.09,0,A,0,0,"4,730.33",78.52,21825740,-,CUSTOMER PICKUP DEFAULT SCAC / CPU,CPU,Yes
9.03408E+19,9034079098,5/24/2024,7495618057,480,"24,537.60",0,0,0,0,169.31,"24,368.29",51.12,50.77,0,A,0,0,"11,372.14",0,23613,-,CUSTOMER PICKUP DEFAULT SCAC / CPU,CPU,Yes
9.03408E+19,9034079098,5/24/2024,7495618056,102,"5,214.24",0,0,0,0,35.98,"5,178.26",51.12,50.77,0,A,0,0,"11,372.14",0,23613,-,CUSTOMER PICKUP DEFAULT SCAC / CPU,CPU,Yes
9.03408E+19,9034079098,5/24/2024,7495618440,112,"10,684.80",0,0,0,0,73.73,"10,611.07",95.4,94.74,0,A,0,0,"11,372.14",0,23613,-,CUSTOMER PICKUP DEFAULT SCAC / CPU,CPU,Yes
9.03408E+19,9034079098,5/24/2024,7495628400,280,"15,624.00",0,0,0,0,107.81,"15,516.19",55.8,55.41,0,A,0,0,"11,372.14",0,23613,-,CUSTOMER PICKUP DEFAULT SCAC / CPU,CPU,Yes
9.03408E+19,9034079098,5/24/2024,7495628300,136,"7,588.80",0,0,0,0,52.36,"7,536.44",55.8,55.42,0,A,0,0,"11,372.14",0,23613,-,CUSTOMER PICKUP DEFAULT SCAC / CPU,CPU,Yes
9.03221E+19,9032205322,1/5/2023,2900003449,24,"2,305.92",0,0,0,0,0,"2,305.92",96.08,96.08,0,A,0,0,"7,168.86",119.01,22422680,-,CUSTOMER PICKUP DEFAULT SCAC / CPU,CPU,Yes
9.03221E+19,9032205322,1/5/2023,7495618466,20,"1,985.60",0,0,0,0,0,"1,985.60",99.28,99.28,0,A,0,0,"7,168.86",119.01,22422680,-,CUSTOMER PICKUP DEFAULT SCAC / CPU,CPU,Yes
9.03221E+19,9032205322,1/5/2023,7495618463,50,"4,964.00",0,0,0,0,0,"4,964.00",99.28,99.28,0,A,0,0,"7,168.86",119.01,22422680,-,CUSTOMER PICKUP DEFAULT SCAC / CPU,CPU,Yes
9.03221E+19,9032205322,1/5/2023,7495618543,20,"1,985.60",0,0,0,0,0,"1,985.60",99.28,99.28,0,A,0,0,"7,168.86",119.01,22422680,-,CUSTOMER PICKUP DEFAULT SCAC / CPU,CPU,Yes
9.03221E+19,9032205322,1/5/2023,7495619373,40,"4,680.49",0,0,0,0,0,"4,680.49",117.01,117.01,0,A,0,0,"7,168.86",119.01,22422680,-,CUSTOMER PICKUP DEFAULT SCAC / CPU,CPU,Yes
9.03221E+19,9032205322,1/5/2023,7027249138,240,"10,101.60",0,0,0,0,0,"10,101.60",42.09,42.09,0,A,0,0,"7,168.86",119.01,22422680,-,CUSTOMER PICKUP DEFAULT SCAC / CPU,CPU,Yes
9.0329E+19,9032896894,7/18/2023,1960004580,1,15.84,0,0,0,0.77,0,15.07,15.84,15.07,0,A,13,0,"10,552.18",0,795123-001,-,CUSTOMER PICKUP DEFAULT SCAC / CPU,CPU,Yes
9.0329E+19,9032896894,7/18/2023,4223400051,30,864,0,0,0,19.77,0,844.23,28.8,28.14,0,A,13,0,"10,552.18",0,795123-001,-,CUSTOMER PICKUP DEFAULT SCAC / CPU,CPU,Yes
9.0329E+19,9032896894,7/18/2023,4223400074,40,"1,152.00",0,0,0,30.94,0,"1,121.06",28.8,28.03,0,A,13,0,"10,552.18",0,795123-001,-,CUSTOMER PICKUP DEFAULT SCAC / CPU,CPU,Yes
9.0329E+19,9032896894,7/18/2023,4223400082,40,"1,145.60",0,0,0,34.26,0,"1,111.34",28.64,27.78,0,A,13,0,"10,552.18",0,795123-001,-,CUSTOMER PICKUP DEFAULT SCAC / CPU,CPU,Yes
9.0329E+19,9032896894,7/18/2023,4223400099,60,"1,728.00",0,0,0,45.46,0,"1,682.54",28.8,28.04,0,A,13,0,"10,552.18",0,795123-001,-,CUSTOMER PICKUP DEFAULT SCAC / CPU,CPU,Yes
9.0329E+19,9032896894,7/18/2023,4223400163,20,572.8,0,0,0,17.13,0,555.67,28.64,27.78,0,A,13,0,"10,552.18",0,795123-001,-,CUSTOMER PICKUP DEFAULT SCAC / CPU,CPU,Yes
9.0329E+19,9032896894,7/18/2023,4223400166,31,892.8,0,0,0,23.37,0,869.43,28.8,28.05,0,A,13,0,"10,552.18",0,795123-001,-,CUSTOMER PICKUP DEFAULT SCAC / CPU,CPU,Yes
9.0329E+19,9032896894,7/18/2023,4223400211,20,576,0,0,0,12.94,0,563.06,28.8,28.15,0,A,13,0,"10,552.18",0,795123-001,-,CUSTOMER PICKUP DEFAULT SCAC / CPU,CPU,Yes
9.0329E+19,9032896894,7/18/2023,9162700929,105,"2,562.00",0,0,0,81.9,0,"2,480.10",24.4,23.62,0,A,13,0,"10,552.18",0,795123-001,-,CUSTOMER PICKUP DEFAULT SCAC / CPU,CPU,Yes
9.0329E+19,9032896894,7/18/2023,5827620307,20,614.4,0,0,0,26,0,588.4,30.72,29.42,0,A,13,0,"10,552.18",0,795123-001,-,CUSTOMER PICKUP DEFAULT SCAC / CPU,CPU,Yes
9.0329E+19,9032896894,7/18/2023,9899780905,26,798.72,0,0,0,22.65,0,776.07,30.72,29.85,0,A,13,0,"10,552.18",0,795123-001,-,CUSTOMER PICKUP DEFAULT SCAC / CPU,CPU,Yes
9.0329E+19,9032896894,7/18/2023,1450002253,80,"2,169.60",0,0,0,107.22,0,"2,062.38",27.12,25.78,0,A,13,0,"10,552.18",0,795123-001,-,CUSTOMER PICKUP DEFAULT SCAC / CPU,CPU,Yes
9.0329E+19,9032896894,7/18/2023,1450000380,240,"6,508.80",0,0,0,866.74,0,"5,642.06",27.12,23.51,0,A,13,0,"10,552.18",0,795123-001,-,CUSTOMER PICKUP DEFAULT SCAC / CPU,CPU,Yes
9.0329E+19,9032896894,7/18/2023,3100067075,90,"2,872.80",0,0,0,82.63,0,"2,790.17",31.92,31,0,A,13,0,"10,552.18",0,795123-001,-,CUSTOMER PICKUP DEFAULT SCAC / CPU,CPU,Yes
9.03294E+19,9032942128,,72290000104,162,"9,117.36","1,239.30",0,0,,36.47,"7,841.59",56.28,48.4,0,A,0,0,0,0,54933,702435784N,MARTEN TRANSPORT SERVICES LTD TRUCK / Motor,Ship,Yes
9.03364E+19,9033642002,,72655001057,75,"3,396.00",0,0,0,,13.58,"3,382.42",45.28,45.1,0,A,0,0,0,0,83689,-,CPU,CPU,Yes
9.03343E+19,9033428723,,3100018454,13,"3,756.48","1,092.00",0,0,,15.03,"2,649.45",288.96,203.8,0,A,0,0,0,0,215407202,702690710N,NAVAJO EXPRESS INC / Motor (Com. Carrier) ,Ship,Yes
9.03343E+19,9033428723,,2113100068,5,924.3,74.1,0,0,,3.7,846.5,184.86,169.3,0,A,0,0,0,0,215407202,702690710N,NAVAJO EXPRESS INC / Motor (Com. Carrier) ,Ship,Yes
9.03343E+19,9033428723,,3100012613,14,311.36,54.88,0,0,,1.25,255.23,22.24,18.23,0,A,0,0,0,0,215407202,702690710N,NAVAJO EXPRESS INC / Motor (Com. Carrier) ,Ship,Yes
9.03343E+19,9033428723,,2113190533,78,"2,109.12",424.32,0,0,,8.44,"1,676.36",27.04,21.49,0,A,0,0,0,0,215407202,702690710N,NAVAJO EXPRESS INC / Motor (Com. Carrier) ,Ship,Yes
9.03341E+19,9033406758,,4223400233,40,"1,440.00",0,0,0,,6.38,"1,433.62",36,35.84,0,A,0,0,0,0,456902504,702675291N,VANTAGE LOGISTICS LLC / Motor (Com. Carrier),Ship,Yes
9.03341E+19,9033406758,,4223400097,300,"8,910.00",0,0,0,,35.64,"8,874.36",29.7,29.58,0,A,0,0,0,0,456902504,702675291N,VANTAGE LOGISTICS LLC / Motor (Com. Carrier),Ship,Yes
9.03335E+19,9033354159,,7852304006,8,363.84,0,0,0,,1.46,362.38,45.48,45.3,0,A,0,0,0,0,446689060,702650723N,UBER FREIGHT LLC / Motor (Com. Carrier),Ship,Yes
9.03335E+19,9033354159,,9899780616,16,365.76,0,0,0,,1.46,364.3,22.86,22.77,0,A,0,0,0,0,446689060,702650723N,UBER FREIGHT LLC / Motor (Com. Carrier),Ship,Yes
9.03335E+19,9033354159,,9899780617,16,365.76,0,0,0,,1.46,364.3,22.86,22.77,0,A,0,0,0,0,446689060,702650723N,UBER FREIGHT LLC / Motor (Com. Carrier),Ship,Yes
9.03348E+19,9033481589,,6414428243,120,"4,924.80",0,0,0,,18.22,"4,906.58",41.04,40.89,0,A,0,0,0,0,45114350,559796601C,ESHL / Motor (Com. Carrier),Ship,Yes
9.03355E+19,9033548806,,6414403064,26,"1,613.04",552.24,0,0,,5.97,"1,054.83",62.04,40.57,0,A,0,0,0,0,RRPL829688,561659161C,ES3 LLC / Consolidation,Ship,Yes
9.03355E+19,9033548806,,2620011700,23,"3,312.00",0,0,0,,12.25,"3,299.75",144,143.47,0,A,0,0,0,0,RRPL829688,561659161C,ES3 LLC / Consolidation,Ship,Yes
9.03344E+19,9033442156,,2620014474,68,"1,524.56",0,0,0,,0,"1,524.56",22.42,22.42,0,A,0,0,0,0,MO10057631-01,702702923N,CH ROBINSON WORLDWIDE INC / Motor (Com. Carrier),Ship,Yes
9.03344E+19,9033442156,,2620011910,36,"9,601.20",0,0,0,,0,"9,601.20",266.7,266.7,0,A,0,0,0,0,MO10057631-01,702702923N,CH ROBINSON WORLDWIDE INC / Motor (Com. Carrier),Ship,Yes
9.03344E+19,9033442156,,2620014012,14,"2,801.40",0,0,0,,0,"2,801.40",200.1,200.1,0,A,0,0,0,0,MO10057631-01,702702923N,CH ROBINSON WORLDWIDE INC / Motor (Com. Carrier),Ship,Yes
9.03333E+19,9033330394,,3100012610,270,"6,085.80",0,0,0,,30.43,"6,055.37",22.54,22.43,0,A,0,0,0,0,NT10153414-01,702641499N,C.R ENGLAND INC TRUCKLOAD / Motor (Com. Carrier),Ship,Yes
9.03348E+19,9033475994,,2620010140,54,"9,736.20",0,0,0,,0,"9,736.20",180.3,180.3,0,A,0,0,0,0,SO10049675-01,702714016N,HTS LOGISTICS LLC / Motor (Com. Carrier),Ship,Yes
9.0323E+19,9032297416,,2620023180,120,"1,584.00",57.6,0,0,,5.86,"1,520.54",13.2,12.67,0,A,0,0,0,0,56590185,702083179N,USA TRUCK INC BROKERAGE / Motor (Com. Carrier),Ship,Yes
9.03362E+19,9033620855,,7229000153,162,"9,389.52","4,050.00",0,0,,37.56,"5,301.96",57.96,32.73,0,A,0,0,0,0,559588,702788193N,PRIME INC TRUCKLOAD / Motor (Com. Carrier),Ship,Yes
9.03262E+19,9032619818,,1450002378,176,"2,386.56",0,0,0,,0,"2,386.56",13.56,13.56,0,A,0,0,0,0,242567,702275284N,PRIME INC TRUCKLOAD / Motor (Com. Carrier),Ship,Yes
9.03262E+19,9032619818,,1450002485,242,"2,686.20",0,0,0,,0,"2,686.20",11.1,11.1,0,A,0,0,0,0,242567,702275284N,PRIME INC TRUCKLOAD / Motor (Com. Carrier),Ship,Yes
9.03359E+19,9033593006,,5200002027,192,"5,022.72","1,428.48",0,0,,0,"3,594.24",26.16,18.72,0,A,0,0,0,0,515985100,702775315N,GTI LOGISTICS SERVICES / Motor (Com. Carrier),Ship,Yes
9.03359E+19,9033593006,,4430010727,48,956.16,305.28,0,0,,,650.88,19.92,13.56,0,A,0,0,0,0,515985100,702775315N,GTI LOGISTICS SERVICES / Motor (Com. Carrier),Ship,Yes
9.03359E+19,9033591128,,7265500111,45,"1,018.80",180,0,0,,4.08,834.72,22.64,18.55,0,A,0,0,0,0,215560783,702776537N,NAVAJO EXPRESS INC / Motor (Com. Carrier),Ship,Yes
9.03359E+19,9033591128,,1450022122,14,469.56,142.8,0,0,,1.88,324.88,33.54,23.21,0,A,0,0,0,0,215560783,702776537N,NAVAJO EXPRESS INC / Motor (Com. Carrier),Ship,Yes
9.03344E+19,9033442156,,2620014474,68,"1,524.56",0,0,0,,0,"1,524.56",22.42,22.42,0,A,0,0,0,0,MO10057631-01,702702923N,CH ROBINSON WORLDWIDE INC / Motor (Com. Carrier),Ship,Yes
9.03344E+19,9033442156,,2620011910,36,"9,601.20",0,0,0,,0,"9,601.20",266.7,266.7,0,A,0,0,0,0,MO10057631-01,702702923N,CH ROBINSON WORLDWIDE INC / Motor (Com. Carrier),Ship,Yes
9.03344E+19,9033442156,,2620014012,14,"2,801.40",0,0,0,,0,"2,801.40",200.1,200.1,0,A,0,0,0,0,MO10057631-01,702702923N,CH ROBINSON WORLDWIDE INC / Motor (Com. Carrier),Ship,Yes
9.0335E+19,9033501096,,2620017127,1,270.3,0,0,0,,0,270.3,270.3,270.3,0,A,0,0,0,0,MW10056196-01,702728683N,LEONARDS EXPRESS INC / Motor (Com. Carrier),Ship,Yes
9.0335E+19,9033501096,,6414404302,2,78.84,0,0,0,,0,78.84,39.42,39.42,0,A,0,0,0,0,MW10056196-01,702728683N,LEONARDS EXPRESS INC / Motor (Com. Carrier),Ship,Yes
9.0335E+19,9033501096,,2620023180,10,135,0,0,0,,0,135,13.5,13.5,0,A,0,0,0,0,MW10056196-01,702728683N,LEONARDS EXPRESS INC / Motor (Com. Carrier),Ship,Yes
9.03344E+19,9033441837,,4420931131,20,468,0,0,0,,1.73,466.27,23.4,23.31,0,A,0,0,0,0,81849403000,702711406N,ESHL / CPU,CPU,Yes
9.03344E+19,9033441837,,6414432170,42,816.48,0,0,0,,0,816.48,19.44,19.44,0,A,0,0,0,0,81849403000,702711406N,ESHL / CPU,CPU,Yes
9.03251E+19,9032505896,,5827620255,330,"10,137.60",0,0,0,,0,"10,137.60",30.72,30.72,0,A,0,0,0,0,227644,702200954N,WERNER ENTERPRISES / Motor (Com. Carrier),Ship,Yes
9.03297E+19,9032968747,,1450001102,330,"5,220.60",0,0,0,,0,"5,220.60",15.82,15.82,0,A,0,0,0,0,287695,702450788N,KLLM TRANSPORT SERVICES LLC TRUCKLO / Motor,Ship,Yes
9.03297E+19,9032968747,,1450003133,484,"6,563.04",0,0,0,,0,"6,563.04",13.56,13.56,0,A,0,0,0,0,287695,702450788N,KLLM TRANSPORT SERVICES LLC TRUCKLO / Motor,Ship,Yes
9.03344E+19,9033441406,,2620011740,2,289.2,0,0,0,,0,289.2,144.6,144.6,0,A,0,0,0,0,2563627260,702788171N,LEONARDS EXPRESS INC / Motor (Com. Carrier),Ship,Yes
9.03342E+19,9033424934,,3100011303,48,915.84,151.2,0,0,,0,764.64,19.08,15.93,0,A,0,0,0,0,279578,702688830N,C.R ENGLAND INC TRUCKLOAD / Motor (Com. Carrier),Ship,Yes
9.03342E+19,9033424934,,3100011502,140,"2,990.40",240.8,0,0,,0,"2,749.60",21.36,19.64,0,A,0,0,0,0,279579,702688830N,C.R ENGLAND INC TRUCKLOAD / Motor (Com. Carrier),Ship,Yes
9.03342E+19,9033424934,,3100018454,630,"13,003.20","2,740.50",0,0,,0,"10,262.70",20.64,16.29,0,A,0,0,0,0,279580,702688830N,C.R ENGLAND INC TRUCKLOAD / Motor (Com. Carrier),Ship,Yes
9.03342E+19,9033424934,,2113190533,78,"2,109.12",210.6,0,0,,0,"1,898.52",27.04,24.34,0,A,0,0,0,0,279581,702688830N,C.R ENGLAND INC TRUCKLOAD / Motor (Com. Carrier),Ship,Yes
9.03367E+19,9033671273,,1450002419,100,"2,856.00",704,0,0,,0,"2,152.00",28.56,21.52,0,A,0,0,0,0,713721100,702817281N,C.R ENGLAND INC TRUCKLOAD / Motor (Com. Carrier),Ship,Yes
9.03367E+19,9033671273,,1450001269,78,"2,569.32",266.76,0,0,,0,"2,302.56",32.94,29.52,0,A,0,0,0,0,713721100,702817281N,C.R ENGLAND INC TRUCKLOAD / Motor (Com. Carrier),Ship,Yes
9.03367E+19,9033671273,,1450000012,22,520.08,128.04,0,0,,0,392.04,23.64,17.82,0,A,0,0,0,0,713721100,702817281N,C.R ENGLAND INC TRUCKLOAD / Motor (Com. Carrier),Ship,Yes
9.03367E+19,9033671273,,1450000102,22,520.08,128.04,0,0,,0,392.04,23.64,17.82,0,A,0,0,0,0,713721100,702817281N,C.R ENGLAND INC TRUCKLOAD / Motor (Com. Carrier),Ship,Yes
9.03367E+19,9033671273,,2113190533,52,"1,406.08",320.32,0,0,,0,"1,085.76",27.04,20.88,0,A,0,0,0,0,713721100,702817281N,C.R ENGLAND INC TRUCKLOAD / Motor (Com. Carrier),Ship,Yes
9.03367E+19,9033671273,,7265500106,30,679.2,160.8,0,0,,0,518.4,22.64,17.28,0,A,0,0,0,0,713721100,702817281N,C.R ENGLAND INC TRUCKLOAD / Motor (Com. Carrier),Ship,Yes
9.03367E+19,9033671273,,7265500110,135,"3,056.40",723.6,0,0,,0,"2,332.80",22.64,17.28,0,A,0,0,0,0,713721100,702817281N,C.R ENGLAND INC TRUCKLOAD / Motor (Com. Carrier),Ship,Yes
9.03367E+19,9033671273,,7265500107,75,"1,698.00",402,0,0,,0,"1,296.00",22.64,17.28,0,A,0,0,0,0,713721100,702817281N,C.R ENGLAND INC TRUCKLOAD / Motor (Com. Carrier),Ship,Yes
9.03367E+19,9033671273,,7265500105,45,"1,018.80",241.2,0,0,,0,777.6,22.64,17.28,0,A,0,0,0,0,713721100,702817281N,C.R ENGLAND INC TRUCKLOAD / Motor (Com. Carrier),Ship,Yes
9.03367E+19,9033671273,,7265545441,75,"1,698.00",402,0,0,,0,"1,296.00",22.64,17.28,0,A,0,0,0,0,713721100,702817281N,C.R ENGLAND INC TRUCKLOAD / Motor (Com. Carrier),Ship,Yes
9.0337E+19,9033695700,,1450003133,22,298.32,2.52,0,0,,0,295.8,13.56,13.45,0,A,0,0,0,0,225635800,702831678N,FFE TRANSPORTATION SERVICES INC LTL / Less Than,Ship,Yes
9.0337E+19,9033695700,,1450001267,49,"1,614.06",167.58,0,0,,0,"1,446.48",32.94,29.52,0,A,0,0,0,0,225635800,702831678N,FFE TRANSPORTATION SERVICES INC LTL / Less Than,Ship,Yes
9.03332E+19,9033318182,,3100010130,30,804.6,27.6,0,0,,3.25,773.75,26.82,25.79,0,A,0,0,0,0,528456,702643560N,PINNACLE EXPRESS LLC / Motor (Com. Carrier),Ship,Yes
9.03332E+19,9033318182,,3100012611,30,658.2,64.8,0,0,,2.67,590.73,21.94,19.69,0,A,0,0,0,0,528456,702643560N,PINNACLE EXPRESS LLC / Motor (Com. Carrier),Ship,Yes
9.03332E+19,9033318182,,3100067023,22,595.76,0,0,0,,2.38,593.38,27.08,26.97,0,A,0,0,0,0,528456,702643560N,PINNACLE EXPRESS LLC / Motor (Com. Carrier),Ship,Yes
9.03332E+19,9033318182,,3100000731,30,545.4,36,0,0,,2.22,507.18,18.18,16.91,0,A,0,0,0,0,528456,702643560N,PINNACLE EXPRESS LLC / Motor (Com. Carrier),Ship,Yes
9.03364E+19,9033642001,,2113100937,60,"1,929.60",0,0,0,,7.72,"1,921.88",32.16,32.03,0,A,0,0,0,0,526246,-,/ Motor (Com. Carrier),Ship,Yes
9.03313E+19,9033131227,,7750704095,455,"61,643.40","1,401.40",0,0,,149.3,"60,092.70",135.48,132.07,0,A,0,0,0,0,13550905069,702542266N,D & L TRANSPORT LLC / Motor (Com. Carrier),Ship,Yes
9.03313E+19,9033131227,,2113130152,288,"29,859.84","8,640.00",0,0,,308.22,"20,911.62",103.68,72.61,0,A,0,0,0,0,13550905069,702542266N,D & L TRANSPORT LLC / Motor (Com. Carrier),Ship,Yes
9.03317E+19,9033171742,,2113150085,75,"1,752.00",9.75,0,0,,7.01,"1,735.24",23.36,23.14,0,A,0,0,0,0,L593947-01,-,CPU,CPU,Yes
9.0322E+19,9032203761,,2113130215,72,"6,484.32",154.08,0,0,,0,"6,330.24",90.06,87.92,0,A,0,0,0,0,225137666,702030143N,CENTRAL MARKETING TRANSPORT / Motor (Com.,Ship,Yes
9.0322E+19,9032203761,,7750703910,36,"4,371.84",174.24,0,0,,0,"4,197.60",121.44,116.6,0,A,0,0,0,0,225137666,702030143N,CENTRAL MARKETING TRANSPORT / Motor (Com.,Ship,Yes
9.03387E+19,9033869625,,4132100615,12,531.36,0,0,0,,0,531.36,44.28,44.28,0,A,0,0,0,0,17531909000,702922208N,SAIA INC / Less Than Truckload,Ship,Yes
9.0338E+19,9033800392,,7750704095,245,"33,192.60",165.96,0,0,,409.95,"32,616.69",135.48,133.13,0,A,0,0,0,0,2630227118,702874746N,WERNER ENTERPRISES / Motor (Com. Carrier),Ship,Yes
9.0338E+19,9033800392,,2113130152,354,"36,702.72","10,620.00",0,0,,183.51,"25,899.21",103.68,73.16,0,A,0,0,0,0,2630227118,702874746N,WERNER ENTERPRISES / Motor (Com. Carrier),Ship,Yes
9.03388E+19,9033879494,,9162700281,432,"27,371.52",635.04,0,0,,136.86,"26,599.62",63.36,61.57,0,A,0,0,0,0,2600321036,702920548N,NAVAJO SHIPPER INC / Motor (Com. Carrier),Ship,Yes
9.03388E+19,9033879494,,7750704095,245,"33,192.60",754.6,0,0,,165.96,"32,272.04",135.48,131.72,0,A,0,0,0,0,2600321036,702920548N,NAVAJO SHIPPER INC / Motor (Com. Carrier),Ship,Yes
9.03388E+19,9033879494,,2113130152,432,"44,789.76","12,960.00",0,0,,223.95,"31,605.81",103.68,73.16,0,A,0,0,0,0,2600321036,702920548N,NAVAJO SHIPPER INC / Motor (Com. Carrier),Ship,Yes
9.03388E+19,9033879494,,7495620143,99,"16,287.48","4,389.66",0,0,,162.87,"11,734.95",164.52,118.53,0,A,0,0,0,0,2600321036,702920548N,NAVAJO SHIPPER INC / Motor (Com. Carrier),Ship,Yes
9.034E+19,9033999792,,5827620253,120,"3,206.40",0,0,0,,12.83,"3,193.57",26.72,26.61,0,A,0,0,0,0,24478182,702980994N,MAY TRUCKING COMPANY / Motor (Com. Carrier),Ship,Yes
